Tick, Second, Min, Hour, Day, Month, Year, onemkt_rev/mo, onemkt_rev/yr, allmkts_rev/mo, allmkts_rev/yr, ocean_rev/mo, ocean_rev/yr, ocean_rev_growth/mo, ocean_rev_growth/yr, ps30_valuation, overall_valuation, fundamentals_valuation, speculation_valuation, tot_OCEAN_supply, tot_OCEAN_minted, tot_OCEAN_burned, OCEAN_minted/mo, OCEAN_burned/mo, OCEAN_minted_USD/mo, OCEAN_burned_USD/mo, OCEAN_price, RND/mo, rnd_to_sales_ratio, mkts_annual_growth_rate, dao_USD/mo, dao_OCEAN/mo, dao_OCEAN_in_USD/mo, dao_total_in_USD/mo
0, 0, 0, 0, 0, 0, 0, 0, 0, 0, 0, 0, 0, inf, inf, 0, 5e+06, 0, 5e+06, 6.909e+08, 0, 0, 0, 0, 0, 0, 0.00723694, 0, 0, -0.118, 0, 0, 0, 0
24, 86400, 1440, 24, 1, 0.0333333, 0.00273973, 66.6811, 66.6811, 66.6955, 66.6955, 0.133391, 0.133391, inf, inf, 4.00173, 5.00137e+06, 4.00173, 5.00137e+06, 6.909e+08, 0, 0.921466, 0, 0.883057, 0, 0.0063915, 0.00723893, 626.857, 4699.39, 0.225, 0.126721, 27777.8, 201.081, 201.208
48, 172800, 2880, 48, 2, 0.0666667, 0.00547945, 133.399, 133.399, 133.465, 133.465, 0.26693, 0.26693, inf, inf, 8.0079, 5.00275e+06, 8.0079, 5.00274e+06, 6.909e+08, 0, 1.8437, 0, 1.80526, 0, 0.0130681, 0.00724092, 626.984, 2348.87, 0.225, 0.253583, 27777.8, 201.137, 201.39
72, 259200, 4320, 72, 3, 0.1, 0.00821918, 200.154, 200.154, 200.309, 200.309, 0.400618, 0.400618, inf, inf, 12.0185, 5.00412e+06, 12.0185, 5.00411e+06, 6.909e+08, 0, 2.76671, 0, 2.72824, 0, 0.0197522, 0.00724291, 627.111, 1565.36, 0.225, 0.380587, 27777.8, 201.192, 201.572
96, 345600, 5760, 96, 4, 0.133333, 0.0109589, 266.947, 266.947, 267.227, 267.227, 0.534454, 0.534454, inf, inf, 16.0336, 5.0055e+06, 16.0336, 5.00548e+06, 6.909e+08, 0, 3.69049, 0, 3.65198, 0, 0.0264437, 0.0072449, 627.238, 1173.61, 0.225, 0.507731, 27777.8, 201.247, 201.755
120, 432000, 7200, 120, 5, 0.166667, 0.0136986, 333.776, 333.776, 334.22, 334.22, 0.668439, 0.668439, inf, inf, 20.0532, 5.00687e+06, 20.0532, 5.00685e+06, 6.909e+08, 0, 4.61505, 0, 4.57651, 0, 0.0331427, 0.00724689, 627.365, 938.552, 0.225, 0.635017, 27777.8, 201.302, 201.937
144, 518400, 8640, 144, 6, 0.2, 0.0164384, 400.643, 400.643, 401.287, 401.287, 0.802573, 0.802573, inf, inf, 24.0772, 5.00825e+06, 24.0772, 5.00823e+06, 6.909e+08, 0, 5.54037, 0, 5.5018, 0, 0.0398491, 0.00724888, 627.493, 781.851, 0.225, 0.762445, 27777.8, 201.358, 202.12
168, 604800, 10080, 168, 7, 0.233333, 0.0191781, 467.546, 467.546, 468.428, 468.428, 0.936857, 0.936857, inf, inf, 28.1057, 5.00963e+06, 28.1057, 5.0096e+06, 6.909e+08, 0, 6.46648, 0, 6.42788, 0, 0.0465629, 0.00725087, 627.62, 669.921, 0.225, 0.890014, 27777.8, 201.413, 202.303
192, 691200, 11520, 192, 8, 0.266667, 0.0219178, 534.487, 534.487, 535.645, 535.645, 1.07129, 1.07129, inf, inf, 32.1387, 5.011e+06, 32.1387, 5.01097e+06, 6.909e+08, 0, 7.39336, 0, 7.35472, 0, 0.0532843, 0.00725286, 627.748, 585.974, 0.225, 1.01773, 27777.8, 201.468, 202.486
216, 777600, 12960, 216, 9, 0.3, 0.0246575, 601.466, 601.466, 602.936, 602.936, 1.20587, 1.20587, inf, inf, 36.1762, 5.01238e+06, 36.1762, 5.01234e+06, 6.909e+08, 0, 8.32101, 0, 8.28235, 0, 0.0600131, 0.00725486, 627.876, 520.682, 0.225, 1.14558, 27777.8, 201.524, 202.669
240, 864000, 14400, 240, 10, 0.333333, 0.0273973, 668.481, 668.481, 670.302, 670.302, 1.3406, 1.3406, inf, inf, 40.2181, 5.01376e+06, 40.2181, 5.01372e+06, 6.909e+08, 0, 9.24945, 0, 9.21075, 0, 0.0667494, 0.00725685, 628.004, 468.448, 0.225, 1.27357, 27777.8, 201.579, 202.853
264, 950400, 15840, 264, 11, 0.366667, 0.030137, 735.534, 735.534, 737.743, 737.743, 1.47549, 1.47549, inf, inf, 44.2646, 5.01514e+06, 44.2646, 5.01509e+06, 6.909e+08, 0, 10.1787, 0, 10.1399, 0, 0.0734932, 0.00725884, 628.132, 425.712, 0.225, 1.40171, 27777.8, 201.635, 203.036
288, 1.0368e+06, 17280, 288, 12, 0.4, 0.0328767, 802.624, 802.624, 805.26, 805.26, 1.61052, 1.61052, inf, inf, 48.3156, 5.01651e+06, 48.3156, 5.01647e+06, 6.909e+08, 0, 11.1086, 0, 11.0699, 0, 0.0802445, 0.00726084, 628.26, 390.098, 0.225, 1.52999, 27777.8, 201.69, 203.22
312, 1.1232e+06, 18720, 312, 13, 0.433333, 0.0356164, 869.751, 869.751, 872.851, 872.851, 1.7457, 1.7457, inf, inf, 52.371, 5.01789e+06, 52.371, 5.01784e+06, 6.909e+08, 0, 12.0394, 0, 12.0006, 0, 0.0870033, 0.00726283, 628.388, 359.963, 0.225, 1.65842, 27777.8, 201.745, 203.404
336, 1.2096e+06, 20160, 336, 14, 0.466667, 0.0383562, 936.916, 936.916, 940.517, 940.517, 1.88103, 1.88103, inf, inf, 56.431, 5.01927e+06, 56.431, 5.01921e+06, 6.909e+08, 0, 12.971, 0, 12.9321, 0, 0.0937696, 0.00726483, 628.517, 334.134, 0.225, 1.78698, 27777.8, 201.801, 203.588
360, 1.296e+06, 21600, 360, 15, 0.5, 0.0410959, 1004.12, 1004.12, 1008.26, 1008.26, 2.01652, 2.01652, inf, inf, 60.4955, 5.02065e+06, 60.4955, 5.02059e+06, 6.909e+08, 0, 13.9033, 0, 13.8644, 0, 0.100543, 0.00726683, 628.646, 311.748, 0.225, 1.91569, 27777.8, 201.856, 203.772
384, 1.3824e+06, 23040, 384, 16, 0.533333, 0.0438356, 1071.36, 1071.36, 1076.08, 1076.08, 2.15215, 2.15215, inf, inf, 64.5646, 5.02203e+06, 64.5646, 5.02197e+06, 6.909e+08, 0, 14.8364, 0, 14.7975, 0, 0.107325, 0.00726882, 628.775, 292.161, 0.225, 2.04454, 27777.8, 201.912, 203.956
408, 1.4688e+06, 24480, 408, 17, 0.566667, 0.0465753, 1138.63, 1138.63, 1143.97, 1143.97, 2.28794, 2.28794, inf, inf, 68.6381, 5.02341e+06, 68.6381, 5.02334e+06, 6.909e+08, 0, 15.7703, 0, 15.7314, 0, 0.114114, 0.00727082, 628.904, 274.878, 0.225, 2.17354, 27777.8, 201.967, 204.141
432, 1.5552e+06, 25920, 432, 18, 0.6, 0.0493151, 1205.95, 1205.95, 1211.94, 1211.94, 2.42387, 2.42387, inf, inf, 72.7162, 5.02479e+06, 72.7162, 5.02472e+06, 6.909e+08, 0, 16.705, 0, 16.666, 0, 0.12091, 0.00727282, 629.033, 259.516, 0.225, 2.30268, 27777.8, 202.023, 204.325
456, 1.6416e+06, 27360, 456, 19, 0.633333, 0.0520548, 1273.3, 1273.3, 1279.98, 1279.98, 2.55996, 2.55996, inf, inf, 76.7988, 5.02617e+06, 76.7988, 5.0261e+06, 6.909e+08, 0, 17.6404, 0, 17.6014, 0, 0.127714, 0.00727482, 629.162, 245.77, 0.225, 2.43196, 27777.8, 202.078, 204.51
480, 1.728e+06, 28800, 480, 20, 0.666667, 0.0547945, 1340.69, 1340.69, 1348.1, 1348.1, 2.6962, 2.6962, inf, inf, 80.886, 5.02755e+06, 80.886, 5.02747e+06, 6.909e+08, 0, 18.5767, 0, 18.5376, 0, 0.134526, 0.00727682, 629.291, 233.399, 0.225, 2.56139, 27777.8, 202.134, 204.695
504, 1.8144e+06, 30240, 504, 21, 0.7, 0.0575342, 1408.12, 1408.12, 1416.3, 1416.3, 2.83259, 2.83259, inf, inf, 84.9777, 5.02893e+06, 84.9777, 5.02885e+06, 6.909e+08, 0, 19.5137, 0, 19.4746, 0, 0.141345, 0.00727882, 629.421, 222.207, 0.225, 2.69096, 27777.8, 202.189, 204.88
528, 1.9008e+06, 31680, 528, 22, 0.733333, 0.060274, 1475.58, 1475.58, 1484.57, 1484.57, 2.96913, 2.96913, inf, inf, 89.074, 5.03032e+06, 89.074, 5.03023e+06, 6.909e+08, 0, 20.4515, 0, 20.4124, 0, 0.148172, 0.00728082, 629.551, 212.032, 0.225, 2.82068, 27777.8, 202.245, 205.066
552, 1.9872e+06, 33120, 552, 23, 0.766667, 0.0630137, 1543.08, 1543.08, 1552.91, 1552.91, 3.10583, 3.10583, inf, inf, 93.1748, 5.0317e+06, 93.1748, 5.03161e+06, 6.909e+08, 0, 21.3901, 0, 21.351, 0, 0.155006, 0.00728282, 629.681, 202.742, 0.225, 2.95053, 27777.8, 202.301, 205.251
576, 2.0736e+06, 34560, 576, 24, 0.8, 0.0657534, 1610.62, 1610.62, 1621.34, 1621.34, 3.24267, 3.24267, inf, inf, 97.2802, 5.03308e+06, 97.2802, 5.03298e+06, 6.909e+08, 0, 22.3295, 0, 22.2903, 0, 0.161848, 0.00728482, 629.811, 194.226, 0.225, 3.08054, 27777.8, 202.356, 205.437
600, 2.16e+06, 36000, 600, 25, 0.833333, 0.0684932, 1678.2, 1678.2, 1689.84, 1689.84, 3.37967, 3.37967, inf, inf, 101.39, 5.03447e+06, 101.39, 5.03436e+06, 6.909e+08, 0, 23.2696, 0, 23.2304, 0, 0.168698, 0.00728682, 629.941, 186.391, 0.225, 3.21069, 27777.8, 202.412, 205.622
624, 2.2464e+06, 37440, 624, 26, 0.866667, 0.0712329, 1745.81, 1745.81, 1758.41, 1758.41, 3.51682, 3.51682, inf, inf, 105.505, 5.03585e+06, 105.505, 5.03574e+06, 6.909e+08, 0, 24.2106, 0, 24.1714, 0, 0.175555, 0.00728882, 630.071, 179.159, 0.225, 3.34098, 27777.8, 202.467, 205.808
648, 2.3328e+06, 38880, 648, 27, 0.9, 0.0739726, 1813.46, 1813.46, 1827.06, 1827.06, 3.65413, 3.65413, inf, inf, 109.624, 5.03723e+06, 109.624, 5.03712e+06, 6.909e+08, 0, 25.1523, 0, 25.1131, 0, 0.18242, 0.00729083, 630.201, 172.463, 0.225, 3.47142, 27777.8, 202.523, 205.994
672, 2.4192e+06, 40320, 672, 28, 0.933333, 0.0767123, 1881.15, 1881.15, 1895.79, 1895.79, 3.79158, 3.79158, inf, inf, 113.747, 5.03862e+06, 113.747, 5.0385e+06, 6.909e+08, 0, 26.0949, 0, 26.0556, 0, 0.189293, 0.00729283, 630.332, 166.245, 0.225, 3.602, 27777.8, 202.579, 206.181
696, 2.5056e+06, 41760, 696, 29, 0.966667, 0.0794521, 1948.88, 1948.88, 1964.6, 1964.6, 3.92919, 3.92919, inf, inf, 117.876, 5.04e+06, 117.876, 5.03988e+06, 6.909e+08, 0, 27.0382, 0, 26.9989, 0, 0.196173, 0.00729484, 630.463, 160.456, 0.225, 3.73273, 27777.8, 202.634, 206.367
720, 2.592e+06, 43200, 720, 30, 1, 0.0821918, 2016.65, 2016.65, 2033.48, 2033.48, 4.06695, 4.06695, 2.63546e+06, inf, 122.009, 5.04139e+06, 122.009, 5.04127e+06, 6.909e+08, 0, 27.9823, 0, 27.9429, 0, 0.20306, 0.00729684, 630.594, 155.053, 0.225, 3.86361, 27777.8, 202.69, 206.554
744, 2.6784e+06, 44640, 744, 31, 1.03333, 0.0849315, 2017.77, 2084.45, 2035.74, 2102.43, 4.07148, 4.20487, 29.5225, inf, 126.146, 5.04277e+06, 126.146, 5.04265e+06, 6.909e+08, 0, 28.9272, 0, 28.0047, 0, 0.203564, 0.00729885, 635.791, 156.157, 0.225, 3.87319, 27777.8, 202.746, 206.619
768, 2.7648e+06, 46080, 768, 32, 1.06667, 0.0876712, 2018.89, 2152.29, 2038, 2171.47, 4.07601, 4.34294, 14.2699, inf, 130.288, 5.04416e+06, 130.288, 5.04403e+06, 6.909e+08, 0, 29.8729, 0, 28.0282, 0, 0.203791, 0.00730085, 635.795, 155.985, 0.225, 3.8775, 27777.8, 202.801, 206.679
792, 2.8512e+06, 47520, 792, 33, 1.1, 0.090411, 2020.01, 2220.17, 2040.27, 2240.58, 4.08054, 4.48116, 9.18559, inf, 134.435, 5.04554e+06, 134.435, 5.04541e+06, 6.909e+08, 0, 30.8194, 0, 28.0517, 0, 0.204018, 0.00730286, 635.8, 155.812, 0.225, 3.88181, 27777.8, 202.857, 206.739
816, 2.9376e+06, 48960, 816, 34, 1.13333, 0.0931507, 2021.14, 2288.08, 2042.54, 2309.77, 4.08508, 4.61954, 6.64345, inf, 138.586, 5.04693e+06, 138.586, 5.04679e+06, 6.909e+08, 0, 31.7666, 0, 28.0752, 0, 0.204245, 0.00730487, 635.804, 155.64, 0.225, 3.88613, 27777.8, 202.913, 206.799
840, 3.024e+06, 50400, 840, 35, 1.16667, 0.0958904, 2022.26, 2356.04, 2044.81, 2379.03, 4.08963, 4.75807, 5.11816, inf, 142.742, 5.04832e+06, 142.742, 5.04818e+06, 6.909e+08, 0, 32.7147, 0, 28.0987, 0, 0.204472, 0.00730687, 635.808, 155.468, 0.225, 3.89045, 27777.8, 202.969, 206.859
864, 3.1104e+06, 51840, 864, 36, 1.2, 0.0986301, 2023.38, 2424.03, 2047.09, 2448.38, 4.09418, 4.89675, 4.1013, inf, 146.903, 5.04971e+06, 146.903, 5.04956e+06, 6.909e+08, 0, 33.6636, 0, 28.1222, 0, 0.204699, 0.00730888, 635.812, 155.297, 0.225, 3.89478, 27777.8, 203.024, 206.919
888, 3.1968e+06, 53280, 888, 37, 1.23333, 0.10137, 2024.51, 2492.06, 2049.37, 2517.8, 4.09873, 5.03559, 3.37498, inf, 151.068, 5.05109e+06, 151.068, 5.05094e+06, 6.909e+08, 0, 34.6132, 0, 28.1458, 0, 0.204927, 0.00731089, 635.817, 155.125, 0.225, 3.89911, 27777.8, 203.08, 206.979
912, 3.2832e+06, 54720, 912, 38, 1.26667, 0.10411, 2025.64, 2560.12, 2051.65, 2587.29, 4.10329, 5.17458, 2.83023, inf, 155.238, 5.05248e+06, 155.238, 5.05233e+06, 6.909e+08, 0, 35.5637, 0, 28.1693, 0, 0.205155, 0.0073129, 635.821, 154.954, 0.225, 3.90345, 27777.8, 203.136, 207.04
936, 3.3696e+06, 56160, 936, 39, 1.3, 0.106849, 2026.76, 2628.23, 2053.93, 2656.87, 4.10786, 5.31373, 2.40654, inf, 159.412, 5.05387e+06, 159.412, 5.05371e+06, 6.909e+08, 0, 36.5149, 0, 28.1929, 0, 0.205383, 0.00731491, 635.825, 154.783, 0.225, 3.9078, 27777.8, 203.192, 207.1
960, 3.456e+06, 57600, 960, 40, 1.33333, 0.109589, 2027.89, 2696.37, 2056.21, 2726.52, 4.11243, 5.45303, 2.06759, inf, 163.591, 5.05526e+06, 163.591, 5.0551e+06, 6.909e+08, 0, 37.467, 0, 28.2166, 0, 0.205612, 0.00731692, 635.83, 154.612, 0.225, 3.91214, 27777.8, 203.248, 207.16
984, 3.5424e+06, 59040, 984, 41, 1.36667, 0.112329, 2029.02, 2764.55, 2058.5, 2796.25, 4.11701, 5.59249, 1.79027, inf, 167.775, 5.05665e+06, 167.775, 5.05648e+06, 6.909e+08, 0, 38.4198, 0, 28.2402, 0, 0.205841, 0.00731893, 635.834, 154.441, 0.225, 3.9165, 27777.8, 203.304, 207.22
1008, 3.6288e+06, 60480, 1008, 42, 1.4, 0.115068, 2030.15, 2832.77, 2060.79, 2866.05, 4.12159, 5.7321, 1.55916, inf, 171.963, 5.05804e+06, 171.963, 5.05787e+06, 6.909e+08, 0, 39.3735, 0, 28.2638, 0, 0.20607, 0.00732094, 635.839, 154.27, 0.225, 3.92085, 27777.8, 203.359, 207.28
1032, 3.7152e+06, 61920, 1032, 43, 1.43333, 0.117808, 2031.27, 2901.03, 2063.09, 2935.94, 4.12617, 5.87187, 1.36362, inf, 176.156, 5.05943e+06, 176.156, 5.05925e+06, 6.909e+08, 0, 40.3279, 0, 28.2875, 0, 0.206299, 0.00732295, 635.843, 154.1, 0.225, 3.92522, 27777.8, 203.415, 207.341
1056, 3.8016e+06, 63360, 1056, 44, 1.46667, 0.120548, 2032.4, 2969.32, 2065.38, 3005.9, 4.13076, 6.0118, 1.196, inf, 180.354, 5.06082e+06, 180.354, 5.06064e+06, 6.909e+08, 0, 41.2832, 0, 28.3112, 0, 0.206529, 0.00732497, 635.847, 153.93, 0.225, 3.92958, 27777.8, 203.471, 207.401
1080, 3.888e+06, 64800, 1080, 45, 1.5, 0.123288, 2033.53, 3037.65, 2067.68, 3075.94, 4.13536, 6.15188, 1.05074, inf, 184.556, 5.06221e+06, 184.556, 5.06203e+06, 6.909e+08, 0, 42.2392, 0, 28.3349, 0, 0.206758, 0.00732698, 635.852, 153.76, 0.225, 3.93396, 27777.8, 203.527, 207.461
1104, 3.9744e+06, 66240, 1104, 46, 1.53333, 0.126027, 2034.67, 3106.02, 2069.98, 3146.06, 4.13996, 6.29211, 0.923636, inf, 188.763, 5.0636e+06, 188.763, 5.06341e+06, 6.909e+08, 0, 43.196, 0, 28.3586, 0, 0.206988, 0.00732899, 635.856, 153.59, 0.225, 3.93833, 27777.8, 203.583, 207.521
1128, 4.0608e+06, 67680, 1128, 47, 1.56667, 0.128767, 2035.8, 3174.43, 2072.28, 3216.25, 4.14457, 6.4325, 0.811485, inf, 192.975, 5.06499e+06, 192.975, 5.0648e+06, 6.909e+08, 0, 44.1537, 0, 28.3824, 0, 0.207219, 0.00733101, 635.86, 153.42, 0.225, 3.94272, 27777.8, 203.639, 207.582
1152, 4.1472e+06, 69120, 1152, 48, 1.6, 0.131507, 2036.93, 3242.88, 2074.59, 3286.53, 4.14918, 6.57305, 0.711795, inf, 197.192, 5.06638e+06, 197.192, 5.06619e+06, 6.909e+08, 0, 45.1121, 0, 28.4062, 0, 0.207449, 0.00733302, 635.865, 153.251, 0.225, 3.9471, 27777.8, 203.695, 207.642
1176, 4.2336e+06, 70560, 1176, 49, 1.63333, 0.134247, 2038.06, 3311.36, 2076.9, 3356.88, 4.15379, 6.71375, 0.6226, inf, 201.413, 5.06778e+06, 201.413, 5.06758e+06, 6.909e+08, 0, 46.0714, 0, 28.43, 0, 0.20768, 0.00733504, 635.869, 153.082, 0.225, 3.95149, 27777.8, 203.751, 207.703
1200, 4.32e+06, 72000, 1200, 50, 1.66667, 0.136986, 2039.2, 3379.88, 2079.21, 3427.31, 4.15842, 6.85461, 0.542324, inf, 205.638, 5.06917e+06, 205.638, 5.06896e+06, 6.909e+08, 0, 47.0314, 0, 28.4538, 0, 0.207911, 0.00733705, 635.873, 152.912, 0.225, 3.95589, 27777.8, 203.807, 207.763
1224, 4.4064e+06, 73440, 1224, 51, 1.7, 0.139726, 2040.33, 3448.45, 2081.52, 3497.82, 4.16304, 6.99563, 0.469694, inf, 209.869, 5.07056e+06, 209.869, 5.07035e+06, 6.909e+08, 0, 47.9923, 0, 28.4776, 0, 0.208142, 0.00733907, 635.878, 152.744, 0.225, 3.96029, 27777.8, 203.863, 207.823
1248, 4.4928e+06, 74880, 1248, 52, 1.73333, 0.142466, 2041.46, 3517.04, 2083.84, 3568.4, 4.16767, 7.13681, 0.403667, inf, 214.104, 5.07196e+06, 214.104, 5.07174e+06, 6.909e+08, 0, 48.9539, 0, 28.5015, 0, 0.208374, 0.00734109, 635.882, 152.575, 0.225, 3.9647, 27777.8, 203.919, 207.884
1272, 4.5792e+06, 76320, 1272, 53, 1.76667, 0.145205, 2042.6, 3585.68, 2086.16, 3639.07, 4.17231, 7.27814, 0.343381, inf, 218.344, 5.07335e+06, 218.344, 5.07313e+06, 6.909e+08, 0, 49.9164, 0, 28.5253, 0, 0.208606, 0.0073431, 635.887, 152.406, 0.225, 3.96911, 27777.8, 203.975, 207.944
1296, 4.6656e+06, 77760, 1296, 54, 1.8, 0.147945, 2043.74, 3654.36, 2088.48, 3709.81, 4.17695, 7.41963, 0.28812, inf, 222.589, 5.07474e+06, 222.589, 5.07452e+06, 6.909e+08, 0, 50.8797, 0, 28.5492, 0, 0.208838, 0.00734512, 635.891, 152.238, 0.225, 3.97353, 27777.8, 204.031, 208.005
1320, 4.752e+06, 79200, 1320, 55, 1.83333, 0.150685, 2044.87, 3723.07, 2090.8, 3780.64, 4.1816, 7.56127, 0.23728, inf, 226.838, 5.07614e+06, 226.838, 5.07591e+06, 6.909e+08, 0, 51.8438, 0, 28.5731, 0, 0.20907, 0.00734714, 635.896, 152.07, 0.225, 3.97795, 27777.8, 204.087, 208.065
1344, 4.8384e+06, 80640, 1344, 56, 1.86667, 0.153425, 2046.01, 3791.82, 2093.13, 3851.54, 4.18625, 7.70307, 0.190351, inf, 231.092, 5.07753e+06, 231.092, 5.0773e+06, 6.909e+08, 0, 52.8086, 0, 28.5971, 0, 0.209303, 0.00734916, 635.9, 151.902, 0.225, 3.98237, 27777.8, 204.143, 208.126
1368, 4.9248e+06, 82080, 1368, 57, 1.9, 0.156164, 2047.15, 3860.61, 2095.46, 3922.52, 4.19091, 7.84504, 0.146898, inf, 235.351, 5.07893e+06, 235.351, 5.07869e+06, 6.909e+08, 0, 53.7743, 0, 28.621, 0, 0.209536, 0.00735118, 635.904, 151.734, 0.225, 3.9868, 27777.8, 204.199, 208.186
1392, 5.0112e+06, 83520, 1392, 58, 1.93333, 0.158904, 2048.29, 3929.44, 2097.79, 3993.58, 4.19557, 7.98716, 0.106549, inf, 239.615, 5.08033e+06, 239.615, 5.08009e+06, 6.909e+08, 0, 54.7408, 0, 28.645, 0, 0.209769, 0.0073532, 635.909, 151.567, 0.225, 3.99124, 27777.8, 204.256, 208.247
1416, 5.0976e+06, 84960, 1416, 59, 1.96667, 0.161644, 2049.43, 3998.31, 2100.12, 4064.72, 4.20024, 8.12943, 0.0689835, inf, 243.883, 5.08172e+06, 243.883, 5.08148e+06, 6.909e+08, 0, 55.7082, 0, 28.669, 0, 0.210002, 0.00735522, 635.913, 151.399, 0.225, 3.99568, 27777.8, 204.312, 208.307
1440, 5.184e+06, 86400, 1440, 60, 2, 0.164384, 2050.57, 4067.21, 2102.46, 4135.93, 4.20492, 8.27187, 0.0339223, inf, 248.156, 5.08312e+06, 248.156, 5.08287e+06, 6.909e+08, 0, 56.6763, 0, 28.693, 0, 0.210236, 0.00735724, 635.918, 151.232, 0.225, 4.00013, 27777.8, 204.368, 208.368
1464, 5.2704e+06, 87840, 1464, 61, 2.03333, 0.167123, 2051.71, 4136.15, 2104.8, 4207.23, 4.20959, 8.41446, 0.0339224, inf, 252.434, 5.08452e+06, 252.434, 5.08426e+06, 6.909e+08, 0, 57.6452, 0, 28.717, 0, 0.21047, 0.00735926, 641.153, 152.308, 0.225, 4.00458, 27777.8, 204.424, 208.429
1488, 5.3568e+06, 89280, 1488, 62, 2.06667, 0.169863, 2052.85, 4205.13, 2107.14, 4278.61, 4.21428, 8.55721, 0.0339224, inf, 256.716, 5.08591e+06, 256.716, 5.08566e+06, 6.909e+08, 0, 58.615, 0, 28.7411, 0, 0.210704, 0.00736129, 641.158, 152.139, 0.225, 4.00903, 27777.8, 204.48, 208.489
1512, 5.4432e+06, 90720, 1512, 63, 2.1, 0.172603, 2053.99, 4274.15, 2109.48, 4350.06, 4.21897, 8.70013, 0.0339224, inf, 261.004, 5.08731e+06, 261.004, 5.08705e+06, 6.909e+08, 0, 59.5855, 0, 28.7652, 0, 0.210939, 0.00736331, 641.162, 151.971, 0.225, 4.01349, 27777.8, 204.536, 208.55
1536, 5.5296e+06, 92160, 1536, 64, 2.13333, 0.175342, 2055.13, 4343.21, 2111.83, 4421.6, 4.22366, 8.8432, 0.0339224, inf, 265.296, 5.08871e+06, 265.296, 5.08844e+06, 6.909e+08, 0, 60.5569, 0, 28.7892, 0, 0.211173, 0.00736533, 641.166, 151.804, 0.225, 4.01796, 27777.8, 204.593, 208.611
1560, 5.616e+06, 93600, 1560, 65, 2.16667, 0.178082, 2056.27, 4412.31, 2114.18, 4493.21, 4.22836, 8.98643, 0.0339224, inf, 269.593, 5.09011e+06, 269.593, 5.08984e+06, 6.909e+08, 0, 61.5291, 0, 28.8134, 0, 0.211408, 0.00736736, 641.171, 151.636, 0.225, 4.02243, 27777.8, 204.649, 208.671
1584, 5.7024e+06, 95040, 1584, 66, 2.2, 0.180822, 2057.42, 4481.44, 2116.53, 4564.91, 4.23306, 9.12982, 0.0339224, inf, 273.894, 5.09151e+06, 273.894, 5.09123e+06, 6.909e+08, 0, 62.5021, 0, 28.8375, 0, 0.211643, 0.00736938, 641.175, 151.468, 0.225, 4.0269, 27777.8, 204.705, 208.732
1608, 5.7888e+06, 96480, 1608, 67, 2.23333, 0.183562, 2058.56, 4550.62, 2118.89, 4636.68, 4.23777, 9.27336, 0.0339224, inf, 278.201, 5.09291e+06, 278.201, 5.09263e+06, 6.909e+08, 0, 63.4759, 0, 28.8616, 0, 0.211879, 0.00737141, 641.18, 151.301, 0.225, 4.03138, 27777.8, 204.761, 208.793
1632, 5.8752e+06, 97920, 1632, 68, 2.26667, 0.186301, 2059.71, 4619.83, 2121.24, 4708.54, 4.24249, 9.41707, 0.0339224, inf, 282.512, 5.09431e+06, 282.512, 5.09402e+06, 6.909e+08, 0, 64.4505, 0, 28.8858, 0, 0.212115, 0.00737344, 641.184, 151.134, 0.225, 4.03587, 27777.8, 204.818, 208.854
1656, 5.9616e+06, 99360, 1656, 69, 2.3, 0.189041, 2060.85, 4689.08, 2123.6, 4780.47, 4.24721, 9.56094, 0.0339224, inf, 286.828, 5.09571e+06, 286.828, 5.09542e+06, 6.909e+08, 0, 65.426, 0, 28.91, 0, 0.212351, 0.00737546, 641.189, 150.967, 0.225, 4.04036, 27777.8, 204.874, 208.914
1680, 6.048e+06, 100800, 1680, 70, 2.33333, 0.191781, 2062, 4758.37, 2125.97, 4852.48, 4.25193, 9.70497, 0.0339224, inf, 291.149, 5.09711e+06, 291.149, 5.09682e+06, 6.909e+08, 0, 66.4022, 0, 28.9342, 0, 0.212587, 0.00737749, 641.193, 150.8, 0.225, 4.04486, 27777.8, 204.93, 208.975
1704, 6.1344e+06, 102240, 1704, 71, 2.36667, 0.194521, 2063.14, 4827.7, 2128.33, 4924.58, 4.25667, 9.84916, 0.0339224, inf, 295.475, 5.09851e+06, 295.475, 5.09821e+06, 6.909e+08, 0, 67.3793, 0, 28.9585, 0, 0.212823, 0.00737952, 641.198, 150.634, 0.225, 4.04936, 27777.8, 204.987, 209.036
1728, 6.2208e+06, 103680, 1728, 72, 2.4, 0.19726, 2064.29, 4897.06, 2130.7, 4996.75, 4.2614, 9.99351, 0.0339224, inf, 299.805, 5.09991e+06, 299.805, 5.09961e+06, 6.909e+08, 0, 68.3572, 0, 28.9827, 0, 0.21306, 0.00738154, 641.202, 150.467, 0.225, 4.05386, 27777.8, 205.043, 209.097
1752, 6.3072e+06, 105120, 1752, 73, 2.43333, 0.2, 2065.44, 4966.47, 2133.07, 5069.01, 4.26614, 10.138, 0.0339224, inf, 304.14, 5.10131e+06, 304.14, 5.10101e+06, 6.909e+08, 0, 69.3359, 0, 29.007, 0, 0.213297, 0.00738357, 641.207, 150.301, 0.225, 4.05837, 27777.8, 205.099, 209.158
1776, 6.3936e+06, 106560, 1776, 74, 2.46667, 0.20274, 2066.59, 5035.91, 2135.44, 5141.34, 4.27089, 10.2827, 0.0339224, inf, 308.481, 5.10271e+06, 308.481, 5.1024e+06, 6.909e+08, 0, 70.3155, 0, 29.0313, 0, 0.213535, 0.0073856, 641.211, 150.135, 0.225, 4.06289, 27777.8, 205.156, 209.219
1800, 6.48e+06, 108000, 1800, 75, 2.5, 0.205479, 2067.74, 5105.39, 2137.82, 5213.76, 4.27564, 10.4275, 0.0339224, inf, 312.826, 5.10411e+06, 312.826, 5.1038e+06, 6.909e+08, 0, 71.2958, 0, 29.0556, 0, 0.213772, 0.00738763, 641.216, 149.969, 0.225, 4.06741, 27777.8, 205.212, 209.279
1824, 6.5664e+06, 109440, 1824, 76, 2.53333, 0.208219, 2068.89, 5174.91, 2140.2, 5286.26, 4.2804, 10.5725, 0.0339224, inf, 317.175, 5.10552e+06, 317.175, 5.1052e+06, 6.909e+08, 0, 72.277, 0, 29.0799, 0, 0.21401, 0.00738966, 641.22, 149.804, 0.225, 4.07193, 27777.8, 205.268, 209.34
1848, 6.6528e+06, 110880, 1848, 77, 2.56667, 0.210959, 2070.04, 5244.47, 2142.58, 5358.83, 4.28516, 10.7177, 0.0339224, inf, 321.53, 5.10692e+06, 321.53, 5.1066e+06, 6.909e+08, 0, 73.259, 0, 29.1043, 0, 0.214248, 0.00739169, 641.225, 149.638, 0.225, 4.07646, 27777.8, 205.325, 209.401
1872, 6.7392e+06, 112320, 1872, 78, 2.6, 0.213699, 2071.19, 5314.07, 2144.96, 5431.49, 4.28993, 10.863, 0.0339224, inf, 325.889, 5.10832e+06, 325.889, 5.108e+06, 6.909e+08, 0, 74.2418, 0, 29.1287, 0, 0.214487, 0.00739373, 641.229, 149.473, 0.225, 4.081, 27777.8, 205.381, 209.462
1896, 6.8256e+06, 113760, 1896, 79, 2.63333, 0.216438, 2072.34, 5383.7, 2147.35, 5504.23, 4.2947, 11.0085, 0.0339224, inf, 330.254, 5.10973e+06, 330.254, 5.1094e+06, 6.909e+08, 0, 75.2255, 0, 29.1531, 0, 0.214725, 0.00739576, 641.234, 149.308, 0.225, 4.08554, 27777.8, 205.438, 209.523
1920, 6.912e+06, 115200, 1920, 80, 2.66667, 0.219178, 2073.49, 5453.38, 2149.74, 5577.05, 4.29948, 11.1541, 0.0339224, inf, 334.623, 5.11113e+06, 334.623, 5.1108e+06, 6.909e+08, 0, 76.2099, 0, 29.1775, 0, 0.214964, 0.00739779, 641.238, 149.143, 0.225, 4.09009, 27777.8, 205.494, 209.584
1944, 6.9984e+06, 116640, 1944, 81, 2.7, 0.221918, 2074.65, 5523.09, 2152.13, 5649.95, 4.30426, 11.2999, 0.0339224, inf, 338.997, 5.11254e+06, 338.997, 5.1122e+06, 6.909e+08, 0, 77.1952, 0, 29.2019, 0, 0.215203, 0.00739982, 641.243, 148.979, 0.225, 4.09464, 27777.8, 205.551, 209.645
1968, 7.0848e+06, 118080, 1968, 82, 2.73333, 0.224658, 2075.8, 5592.85, 2154.53, 5722.93, 4.30905, 11.4459, 0.0339224, inf, 343.376, 5.11394e+06, 343.376, 5.1136e+06, 6.909e+08, 0, 78.1813, 0, 29.2264, 0, 0.215443, 0.00740186, 641.248, 148.814, 0.225, 4.09919, 27777.8, 205.607, 209.706
1992, 7.1712e+06, 119520, 1992, 83, 2.76667, 0.227397, 2076.96, 5662.64, 2156.92, 5795.99, 4.31385, 11.592, 0.0339224, inf, 347.76, 5.11535e+06, 347.76, 5.115e+06, 6.909e+08, 0, 79.1683, 0, 29.2509, 0, 0.215682, 0.00740389, 641.252, 148.65, 0.225, 4.10375, 27777.8, 205.664, 209.767
2016, 7.2576e+06, 120960, 2016, 84, 2.8, 0.230137, 2078.11, 5732.47, 2159.32, 5869.14, 4.31865, 11.7383, 0.0339224, inf, 352.148, 5.11675e+06, 352.148, 5.1164e+06, 6.909e+08, 0, 80.1561, 0, 29.2754, 0, 0.215922, 0.00740593, 641.257, 148.486, 0.225, 4.10832, 27777.8, 205.72, 209.829
2040, 7.344e+06, 122400, 2040, 85, 2.83333, 0.232877, 2079.27, 5802.34, 2161.73, 5942.36, 4.32345, 11.8847, 0.0339224, inf, 356.542, 5.11816e+06, 356.542, 5.1178e+06, 6.909e+08, 0, 81.1447, 0, 29.2999, 0, 0.216163, 0.00740796, 641.261, 148.322, 0.225, 4.11289, 27777.8, 205.777, 209.89
2064, 7.4304e+06, 123840, 2064, 86, 2.86667, 0.235616, 2080.42, 5872.25, 2164.13, 6015.67, 4.32826, 12.0313, 0.0339224, inf, 360.94, 5.11957e+06, 360.94, 5.11921e+06, 6.909e+08, 0, 82.1341, 0, 29.3244, 0, 0.216403, 0.00741, 641.266, 148.158, 0.225, 4.11747, 27777.8, 205.833, 209.951
2088, 7.5168e+06, 125280, 2088, 87, 2.9, 0.238356, 2081.58, 5942.19, 2166.54, 6089.06, 4.33308, 12.1781, 0.0339224, inf, 365.343, 5.12097e+06, 365.343, 5.12061e+06, 6.909e+08, 0, 83.1243, 0, 29.349, 0, 0.216644, 0.00741204, 641.27, 147.994, 0.225, 4.12205, 27777.8, 205.89, 210.012
2112, 7.6032e+06, 126720, 2112, 88, 2.93333, 0.241096, 2082.74, 6012.18, 2168.95, 6162.53, 4.3379, 12.3251, 0.0339224, inf, 369.752, 5.12238e+06, 369.752, 5.12201e+06, 6.909e+08, 0, 84.1154, 0, 29.3736, 0, 0.216885, 0.00741407, 641.275, 147.831, 0.225, 4.12663, 27777.8, 205.946, 210.073
2136, 7.6896e+06, 128160, 2136, 89, 2.96667, 0.243836, 2083.9, 6082.2, 2171.36, 6236.08, 4.34273, 12.4722, 0.0339224, inf, 374.165, 5.12379e+06, 374.165, 5.12342e+06, 6.909e+08, 0, 85.1073, 0, 29.3982, 0, 0.217126, 0.00741611, 641.28, 147.668, 0.225, 4.13122, 27777.8, 206.003, 210.134
2160, 7.776e+06, 129600, 2160, 90, 3, 0.246575, 2085.06, 6152.27, 2173.78, 6309.71, 4.34756, 12.6194, 0.0339224, inf, 378.583, 5.1252e+06, 378.583, 5.12482e+06, 6.909e+08, 0, 86.1001, 0, 29.4228, 0, 0.217368, 0.00741815, 641.284, 147.504, 0.225, 4.13582, 27777.8, 206.06, 210.195
2184, 7.8624e+06, 131040, 2184, 91, 3.03333, 0.249315, 2086.22, 6222.37, 2176.2, 6383.43, 4.35239, 12.7669, 0.0339224, inf, 383.006, 5.12661e+06, 383.006, 5.12622e+06, 6.909e+08, 0, 87.0937, 0, 29.4474, 0, 0.21761, 0.00742019, 646.563, 148.553, 0.225, 4.14042, 27777.8, 206.116, 210.257
2208, 7.9488e+06, 132480, 2208, 92, 3.06667, 0.252055, 2087.38, 6292.51, 2178.62, 6457.23, 4.35724, 12.9145, 0.0339224, inf, 387.434, 5.12802e+06, 387.434, 5.12763e+06, 6.909e+08, 0, 88.0881, 0, 29.4721, 0, 0.217852, 0.00742223, 646.568, 148.389, 0.225, 4.14503, 27777.8, 206.173, 210.318
2232, 8.0352e+06, 133920, 2232, 93, 3.1, 0.254795, 2088.54, 6362.69, 2181.04, 6531.11, 4.36209, 13.0622, 0.0339224, inf, 391.866, 5.12943e+06, 391.866, 5.12903e+06, 6.909e+08, 0, 89.0833, 0, 29.4968, 0, 0.218094, 0.00742427, 646.572, 148.226, 0.225, 4.14964, 27777.8, 206.23, 210.379
2256, 8.1216e+06, 135360, 2256, 94, 3.13333, 0.257534, 2089.7, 6432.91, 2183.47, 6605.07, 4.36694, 13.2101, 0.0339224, inf, 396.304, 5.13084e+06, 396.304, 5.13044e+06, 6.909e+08, 0, 90.0794, 0, 29.5215, 0, 0.218337, 0.00742631, 646.577, 148.062, 0.225, 4.15426, 27777.8, 206.286, 210.441
2280, 8.208e+06, 136800, 2280, 95, 3.16667, 0.260274, 2090.86, 6503.17, 2185.9, 6679.11, 4.3718, 13.3582, 0.0339224, inf, 400.747, 5.13225e+06, 400.747, 5.13184e+06, 6.909e+08, 0, 91.0763, 0, 29.5462, 0, 0.21858, 0.00742835, 646.582, 147.898, 0.225, 4.15888, 27777.8, 206.343, 210.502
2304, 8.2944e+06, 138240, 2304, 96, 3.2, 0.263014, 2092.02, 6573.47, 2188.33, 6753.24, 4.37666, 13.5065, 0.0339224, inf, 405.194, 5.13366e+06, 405.194, 5.13325e+06, 6.909e+08, 0, 92.074, 0, 29.5709, 0, 0.218823, 0.00743039, 646.586, 147.735, 0.225, 4.16351, 27777.8, 206.4, 210.563
2328, 8.3808e+06, 139680, 2328, 97, 3.23333, 0.265753, 2093.19, 6643.8, 2190.77, 6827.45, 4.38153, 13.6549, 0.0339224, inf, 409.647, 5.13507e+06, 409.647, 5.13466e+06, 6.909e+08, 0, 93.0726, 0, 29.5957, 0, 0.219066, 0.00743243, 646.591, 147.572, 0.225, 4.16814, 27777.8, 206.456, 210.625
2352, 8.4672e+06, 141120, 2352, 98, 3.26667, 0.268493, 2094.35, 6714.18, 2193.2, 6901.74, 4.38641, 13.8035, 0.0339224, inf, 414.104, 5.13648e+06, 414.104, 5.13606e+06, 6.909e+08, 0, 94.072, 0, 29.6205, 0, 0.21931, 0.00743448, 646.596, 147.409, 0.225, 4.17278, 27777.8, 206.513, 210.686
2376, 8.5536e+06, 142560, 2376, 99, 3.3, 0.271233, 2095.52, 6784.6, 2195.64, 6976.11, 4.39129, 13.9522, 0.0339224, inf, 418.567, 5.13789e+06, 418.567, 5.13747e+06, 6.909e+08, 0, 95.0723, 0, 29.6453, 0, 0.219554, 0.00743652, 646.6, 147.246, 0.225, 4.17742, 27777.8, 206.57, 210.747
2400, 8.64e+06, 144000, 2400, 100, 3.33333, 0.273973, 2096.68, 6855.05, 2198.09, 7050.57, 4.39617, 14.1011, 0.0339224, inf, 423.034, 5.1393e+06, 423.034, 5.13888e+06, 6.909e+08, 0, 96.0734, 0, 29.6701, 0, 0.219798, 0.00743856, 646.605, 147.084, 0.225, 4.18207, 27777.8, 206.627, 210.809
2424, 8.7264e+06, 145440, 2424, 101, 3.36667, 0.276712, 2097.85, 6925.54, 2200.53, 7125.11, 4.40106, 14.2502, 0.0339224, inf, 427.507, 5.14071e+06, 427.507, 5.14029e+06, 6.909e+08, 0, 97.0753, 0, 29.695, 0, 0.220043, 0.00744061, 646.61, 146.921, 0.225, 4.18672, 27777.8, 206.684, 210.87
2448, 8.8128e+06, 146880, 2448, 102, 3.4, 0.279452, 2099.01, 6996.08, 2202.98, 7199.73, 4.40596, 14.3995, 0.0339224, inf, 431.984, 5.14213e+06, 431.984, 5.1417e+06, 6.909e+08, 0, 98.0781, 0, 29.7199, 0, 0.220288, 0.00744265, 646.614, 146.759, 0.225, 4.19138, 27777.8, 206.74, 210.932
2472, 8.8992e+06, 148320, 2472, 103, 3.43333, 0.282192, 2100.18, 7066.65, 2205.43, 7274.44, 4.41086, 14.5489, 0.0339224, inf, 436.466, 5.14354e+06, 436.466, 5.1431e+06, 6.909e+08, 0, 99.0817, 0, 29.7448, 0, 0.220533, 0.0074447, 646.619, 146.597, 0.225, 4.19604, 27777.8, 206.797, 210.993
2496, 8.9856e+06, 149760, 2496, 104, 3.46667, 0.284932, 2101.35, 7137.26, 2207.89, 7349.23, 4.41577, 14.6985, 0.0339224, inf, 440.954, 5.14495e+06, 440.954, 5.14451e+06, 6.909e+08, 0, 100.086, 0, 29.7697, 0, 0.220778, 0.00744674, 646.623, 146.435, 0.225, 4.20071, 27777.8, 206.854, 211.055
2520, 9.072e+06, 151200, 2520, 105, 3.5, 0.287671, 2102.52, 7207.91, 2210.34, 7424.1, 4.42068, 14.8482, 0.0339224, inf, 445.446, 5.14637e+06, 445.446, 5.14592e+06, 6.909e+08, 0, 101.091, 0, 29.7946, 0, 0.221024, 0.00744879, 646.628, 146.273, 0.225, 4.20539, 27777.8, 206.911, 211.116
2544, 9.1584e+06, 152640, 2544, 106, 3.53333, 0.290411, 2103.69, 7278.6, 2212.8, 7499.06, 4.4256, 14.9981, 0.0339224, inf, 449.943, 5.14778e+06, 449.943, 5.14733e+06, 6.909e+08, 0, 102.098, 0, 29.8196, 0, 0.22127, 0.00745084, 646.633, 146.112, 0.225, 4.21006, 27777.8, 206.968, 211.178
2568, 9.2448e+06, 154080, 2568, 107, 3.56667, 0.293151, 2104.86, 7349.33, 2215.26, 7574.1, 4.43053, 15.1482, 0.0339224, inf, 454.446, 5.1492e+06, 454.446, 5.14874e+06, 6.909e+08, 0, 103.105, 0, 29.8445, 0, 0.221516, 0.00745289, 646.638, 145.951, 0.225, 4.21475, 27777.8, 207.025, 211.239
2592, 9.3312e+06, 155520, 2592, 108, 3.6, 0.29589, 2106.03, 7420.1, 2217.73, 7649.22, 4.43546, 15.2984, 0.0339224, inf, 458.953, 5.15061e+06, 458.953, 5.15015e+06, 6.909e+08, 0, 104.112, 0, 29.8695, 0, 0.221763, 0.00745494, 646.642, 145.789, 0.225, 4.21944, 27777.8, 207.082, 211.301
2616, 9.4176e+06, 156960, 2616, 109, 3.63333, 0.29863, 2107.2, 7490.9, 2220.2, 7724.42, 4.44039, 15.4488, 0.0339224, inf, 463.465, 5.15203e+06, 463.465, 5.15157e+06, 6.909e+08, 0, 105.121, 0, 29.8945, 0, 0.222009, 0.00745698, 646.647, 145.628, 0.225, 4.22413, 27777.8, 207.138, 211.363
2640, 9.504e+06, 158400, 2640, 110, 3.66667, 0.30137, 2108.37, 7561.75, 2222.67, 7799.71, 4.44533, 15.5994, 0.0339224, inf, 467.983, 5.15345e+06, 467.983, 5.15298e+06, 6.909e+08, 0, 106.131, 0, 29.9196, 0, 0.222256, 0.00745903, 646.652, 145.468, 0.225, 4.22883, 27777.8, 207.195, 211.424
2664, 9.5904e+06, 159840, 2664, 111, 3.7, 0.30411, 2109.54, 7632.64, 2225.14, 7875.09, 4.45028, 15.7502, 0.0339224, inf, 472.505, 5.15486e+06, 472.505, 5.15439e+06, 6.909e+08, 0, 107.141, 0, 29.9446, 0, 0.222504, 0.00746108, 646.656, 145.307, 0.225, 4.23354, 27777.8, 207.252, 211.486
2688, 9.6768e+06, 161280, 2688, 112, 3.73333, 0.306849, 2110.72, 7703.56, 2227.61, 7950.54, 4.45523, 15.9011, 0.0339224, inf, 477.033, 5.15628e+06, 477.033, 5.1558e+06, 6.909e+08, 0, 108.152, 0, 29.9697, 0, 0.222751, 0.00746313, 646.661, 145.147, 0.225, 4.23825, 27777.8, 207.309, 211.548
2712, 9.7632e+06, 162720, 2712, 113, 3.76667, 0.309589, 2111.89, 7774.53, 2230.09, 8026.09, 4.46019, 16.0522, 0.0339224, inf, 481.565, 5.1577e+06, 481.565, 5.15721e+06, 6.909e+08, 0, 109.164, 0, 29.9948, 0, 0.222999, 0.00746519, 646.666, 144.986, 0.225, 4.24296, 27777.8, 207.366, 211.609
2736, 9.8496e+06, 164160, 2736, 114, 3.8, 0.312329, 2113.07, 7845.53, 2232.57, 8101.71, 4.46515, 16.2034, 0.0339224, inf, 486.103, 5.15911e+06, 486.103, 5.15863e+06, 6.909e+08, 0, 110.177, 0, 30.0199, 0, 0.223247, 0.00746724, 646.67, 144.826, 0.225, 4.24768, 27777.8, 207.423, 211.671
2760, 9.936e+06, 165600, 2760, 115, 3.83333, 0.315068, 2114.24, 7916.58, 2235.06, 8177.42, 4.47012, 16.3548, 0.0339224, inf, 490.645, 5.16053e+06, 490.645, 5.16004e+06, 6.909e+08, 0, 111.191, 0, 30.0451, 0, 0.223495, 0.00746929, 646.675, 144.666, 0.225, 4.25241, 27777.8, 207.48, 211.733
2784, 1.00224e+07, 167040, 2784, 116, 3.86667, 0.317808, 2115.42, 7987.66, 2237.54, 8253.21, 4.47509, 16.5064, 0.0339224, inf, 495.193, 5.16195e+06, 495.193, 5.16146e+06, 6.909e+08, 0, 112.205, 0, 30.0702, 0, 0.223744, 0.00747134, 646.68, 144.507, 0.225, 4.25714, 27777.8, 207.537, 211.794
2808, 1.01088e+07, 168480, 2808, 117, 3.9, 0.320548, 2116.59, 8058.78, 2240.03, 8329.09, 4.48007, 16.6582, 0.0339224, inf, 499.745, 5.16337e+06, 499.745, 5.16287e+06, 6.909e+08, 0, 113.221, 0, 30.0954, 0, 0.223993, 0.0074734, 646.685, 144.347, 0.225, 4.26188, 27777.8, 207.594, 211.856
2832, 1.01952e+07, 169920, 2832, 118, 3.93333, 0.323288, 2117.77, 8129.95, 2242.53, 8405.05, 4.48505, 16.8101, 0.0339224, inf, 504.303, 5.16479e+06, 504.303, 5.16428e+06, 6.909e+08, 0, 114.237, 0, 30.1206, 0, 0.224242, 0.00747545, 646.689, 144.188, 0.225, 4.26662, 27777.8, 207.651, 211.918
2856, 1.02816e+07, 171360, 2856, 119, 3.96667, 0.326027, 2118.95, 8201.15, 2245.02, 8481.1, 4.49004, 16.9622, 0.0339224, inf, 508.866, 5.16621e+06, 508.866, 5.1657e+06, 6.909e+08, 0, 115.254, 0, 30.1459, 0, 0.224492, 0.00747751, 646.694, 144.028, 0.225, 4.27137, 27777.8, 207.709, 211.98
2880, 1.0368e+07, 172800, 2880, 120, 4, 0.328767, 2120.13, 8272.39, 2247.52, 8557.23, 4.49504, 17.1145, 0.0339224, inf, 513.434, 5.16763e+06, 513.434, 5.16711e+06, 6.909e+08, 0, 116.272, 0, 30.1711, 0, 0.224742, 0.00747956, 646.699, 143.869, 0.225, 4.27612, 27777.8, 207.766, 212.042
2904, 1.04544e+07, 174240, 2904, 121, 4.03333, 0.331507, 2121.31, 8343.67, 2250.02, 8633.45, 4.50004, 17.2669, 0.0339224, inf, 518.007, 5.16905e+06, 518.007, 5.16853e+06, 6.909e+08, 0, 117.291, 0, 30.1964, 0, 0.224992, 0.00748162, 652.022, 144.892, 0.225, 4.28088, 27777.8, 207.823, 212.104
2928, 1.05408e+07, 175680, 2928, 122, 4.06667, 0.334247, 2122.49, 8415, 2252.52, 8709.75, 4.50505, 17.4195, 0.0339224, inf, 522.585, 5.17047e+06, 522.585, 5.16995e+06, 6.909e+08, 0, 118.311, 0, 30.2217, 0, 0.225242, 0.00748367, 652.027, 144.733, 0.225, 4.28564, 27777.8, 207.88, 212.165
2952, 1.06272e+07, 177120, 2952, 123, 4.1, 0.336986, 2123.67, 8486.36, 2255.03, 8786.14, 4.51006, 17.5723, 0.0339224, inf, 527.168, 5.17189e+06, 527.168, 5.17136e+06, 6.909e+08, 0, 119.331, 0, 30.247, 0, 0.225493, 0.00748573, 652.032, 144.573, 0.225, 4.29041, 27777.8, 207.937, 212.227
2976, 1.07136e+07, 178560, 2976, 124, 4.13333, 0.339726, 2124.85, 8557.76, 2257.54, 8862.61, 4.51508, 17.7252, 0.0339224, inf, 531.756, 5.17331e+06, 531.756, 5.17278e+06, 6.909e+08, 0, 120.353, 0, 30.2723, 0, 0.225743, 0.00748779, 652.036, 144.413, 0.225, 4.29518, 27777.8, 207.994, 212.289
3000, 1.08e+07, 180000, 3000, 125, 4.16667, 0.342466, 2126.03, 8629.2, 2260.05, 8939.16, 4.5201, 17.8783, 0.0339224, inf, 536.35, 5.17473e+06, 536.35, 5.1742e+06, 6.909e+08, 0, 121.375, 0, 30.2977, 0, 0.225995, 0.00748985, 652.041, 144.254, 0.225, 4.29996, 27777.8, 208.051, 212.351
3024, 1.08864e+07, 181440, 3024, 126, 4.2, 0.345205, 2127.21, 8700.68, 2262.57, 9015.8, 4.52513, 18.0316, 0.0339224, inf, 540.948, 5.17616e+06, 540.948, 5.17562e+06, 6.909e+08, 0, 122.398, 0, 30.323, 0, 0.226246, 0.00749191, 652.046, 144.094, 0.225, 4.30475, 27777.8, 208.108, 212.413
3048, 1.09728e+07, 182880, 3048, 127, 4.23333, 0.347945, 2128.39, 8772.2, 2265.08, 9092.53, 4.53017, 18.1851, 0.0339224, inf, 545.552, 5.17758e+06, 545.552, 5.17703e+06, 6.909e+08, 0, 123.422, 0, 30.3484, 0, 0.226498, 0.00749396, 652.051, 143.935, 0.225, 4.30953, 27777.8, 208.166, 212.475
3072, 1.10592e+07, 184320, 3072, 128, 4.26667, 0.350685, 2129.58, 8843.76, 2267.6, 9169.34, 4.53521, 18.3387, 0.0339224, inf, 550.161, 5.179e+06, 550.161, 5.17845e+06, 6.909e+08, 0, 124.447, 0, 30.3739, 0, 0.22675, 0.00749602, 652.055, 143.776, 0.225, 4.31433, 27777.8, 208.223, 212.537
3096, 1.11456e+07, 185760, 3096, 129, 4.3, 0.353425, 2130.76, 8915.36, 2270.13, 9246.24, 4.54025, 18.4925, 0.0339224, inf, 554.774, 5.18043e+06, 554.774, 5.17987e+06, 6.909e+08, 0, 125.473, 0, 30.3993, 0, 0.227002, 0.00749808, 652.06, 143.618, 0.225, 4.31913, 27777.8, 208.28, 212.599
3120, 1.1232e+07, 187200, 3120, 130, 4.33333, 0.356164, 2131.95, 8987, 2272.65, 9323.22, 4.5453, 18.6464, 0.0339224, inf, 559.393, 5.18185e+06, 559.393, 5.18129e+06, 6.909e+08, 0, 126.499, 0, 30.4248, 0, 0.227255, 0.00750015, 652.065, 143.459, 0.225, 4.32394, 27777.8, 208.337, 212.661
3144, 1.13184e+07, 188640, 3144, 131, 4.36667, 0.358904, 2133.13, 9058.68, 2275.18, 9400.29, 4.55036, 18.8006, 0.0339224, inf, 564.017, 5.18327e+06, 564.017, 5.18271e+06, 6.909e+08, 0, 127.527, 0, 30.4502, 0, 0.227507, 0.00750221, 652.07, 143.301, 0.225, 4.32875, 27777.8, 208.395, 212.723
3168, 1.14048e+07, 190080, 3168, 132, 4.4, 0.361644, 2134.32, 9130.39, 2277.71, 9477.45, 4.55542, 18.9549, 0.0339224, inf, 568.647, 5.1847e+06, 568.647, 5.18413e+06, 6.909e+08, 0, 128.555, 0, 30.4757, 0, 0.227761, 0.00750427, 652.075, 143.142, 0.225, 4.33356, 27777.8, 208.452, 212.785
3192, 1.14912e+07, 191520, 3192, 133, 4.43333, 0.364384, 2135.51, 9202.15, 2280.25, 9554.69, 4.56049, 19.1094, 0.0339224, inf, 573.281, 5.18612e+06, 573.281, 5.18555e+06, 6.909e+08, 0, 129.584, 0, 30.5013, 0, 0.228014, 0.00750633, 652.079, 142.984, 0.225, 4.33838, 27777.8, 208.509, 212.848
3216, 1.15776e+07, 192960, 3216, 134, 4.46667, 0.367123, 2136.69, 9273.95, 2282.78, 9632.01, 4.56557, 19.264, 0.0339224, inf, 577.921, 5.18755e+06, 577.921, 5.18697e+06, 6.909e+08, 0, 130.614, 0, 30.5268, 0, 0.228268, 0.0075084, 652.084, 142.827, 0.225, 4.34321, 27777.8, 208.567, 212.91
3240, 1.1664e+07, 194400, 3240, 135, 4.5, 0.369863, 2137.88, 9345.79, 2285.32, 9709.42, 4.57065, 19.4188, 0.0339224, inf, 582.565, 5.18898e+06, 582.565, 5.18839e+06, 6.909e+08, 0, 131.645, 0, 30.5524, 0, 0.228522, 0.00751046, 652.089, 142.669, 0.225, 4.34804, 27777.8, 208.624, 212.972
3264, 1.17504e+07, 195840, 3264, 136, 4.53333, 0.372603, 2139.07, 9417.67, 2287.87, 9786.92, 4.57573, 19.5738, 0.0339224, inf, 587.215, 5.1904e+06, 587.215, 5.18981e+06, 6.909e+08, 0, 132.677, 0, 30.578, 0, 0.228776, 0.00751252, 652.094, 142.511, 0.225, 4.35288, 27777.8, 208.681, 213.034
3288, 1.18368e+07, 197280, 3288, 137, 4.56667, 0.375342, 2140.26, 9489.59, 2290.41, 9864.51, 4.58082, 19.729, 0.0339224, inf, 591.87, 5.19183e+06, 591.87, 5.19124e+06, 6.909e+08, 0, 133.709, 0, 30.6036, 0, 0.22903, 0.00751459, 652.099, 142.354, 0.225, 4.35772, 27777.8, 208.739, 213.096
3312, 1.19232e+07, 198720, 3312, 138, 4.6, 0.378082, 2141.45, 9561.55, 2292.96, 9942.18, 4.58592, 19.8844, 0.0339224, inf, 596.531, 5.19326e+06, 596.531, 5.19266e+06, 6.909e+08, 0, 134.743, 0, 30.6292, 0, 0.229285, 0.00751665, 652.104, 142.197, 0.225, 4.36257, 27777.8, 208.796, 213.159
3336, 1.20096e+07, 200160, 3336, 139, 4.63333, 0.380822, 2142.64, 9633.55, 2295.51, 10019.9, 4.59102, 20.0399, 0.0339224, inf, 601.196, 5.19468e+06, 601.196, 5.19408e+06, 6.909e+08, 0, 135.777, 0, 30.6549, 0, 0.22954, 0.00751872, 652.108, 142.04, 0.225, 4.36743, 27777.8, 208.853, 213.221
3360, 1.2096e+07, 201600, 3360, 140, 4.66667, 0.383562, 2143.83, 9705.58, 2298.06, 10097.8, 4.59613, 20.1956, 0.0339224, inf, 605.867, 5.19611e+06, 605.867, 5.19551e+06, 6.909e+08, 0, 136.812, 0, 30.6805, 0, 0.229796, 0.00752079, 652.113, 141.883, 0.225, 4.37229, 27777.8, 208.911, 213.283
3384, 1.21824e+07, 203040, 3384, 141, 4.7, 0.386301, 2145.03, 9777.66, 2300.62, 10175.7, 4.60124, 20.3514, 0.0339224, inf, 610.542, 5.19754e+06, 610.542, 5.19693e+06, 6.909e+08, 0, 137.848, 0, 30.7062, 0, 0.230051, 0.00752285, 652.118, 141.727, 0.225, 4.37715, 27777.8, 208.968, 213.345
3408, 1.22688e+07, 204480, 3408, 142, 4.73333, 0.389041, 2146.22, 9849.78, 2303.18, 10253.7, 4.60636, 20.5075, 0.0339224, inf, 615.224, 5.19897e+06, 615.224, 5.19835e+06, 6.909e+08, 0, 138.885, 0, 30.7319, 0, 0.230307, 0.00752492, 652.123, 141.57, 0.225, 4.38202, 27777.8, 209.026, 213.408
3432, 1.23552e+07, 205920, 3432, 143, 4.76667, 0.391781, 2147.41, 9921.94, 2305.74, 10331.8, 4.61149, 20.6637, 0.0339224, inf, 619.91, 5.2004e+06, 619.91, 5.19978e+06, 6.909e+08, 0, 139.923, 0, 30.7577, 0, 0.230564, 0.00752699, 652.128, 141.414, 0.225, 4.3869, 27777.8, 209.083, 213.47
3456, 1.24416e+07, 207360, 3456, 144, 4.8, 0.394521, 2148.61, 9994.14, 2308.31, 10410, 4.61662, 20.82, 0.0339224, inf, 624.601, 5.20183e+06, 624.601, 5.2012e+06, 6.909e+08, 0, 140.962, 0, 30.7834, 0, 0.23082, 0.00752906, 652.133, 141.258, 0.225, 4.39178, 27777.8, 209.141, 213.532
3480, 1.2528e+07, 208800, 3480, 145, 4.83333, 0.39726, 2149.8, 10066.4, 2310.88, 10488.3, 4.62175, 20.9766, 0.0339224, inf, 629.298, 5.20326e+06, 629.298, 5.20263e+06, 6.909e+08, 0, 142.001, 0, 30.8092, 0, 0.231077, 0.00753113, 652.138, 141.102, 0.225, 4.39666, 27777.8, 209.198, 213.595
3504, 1.26144e+07, 210240, 3504, 146, 4.86667, 0.4, 2151, 10138.7, 2313.45, 10566.7, 4.6269, 21.1333, 0.0339224, inf, 634, 5.20469e+06, 634, 5.20405e+06, 6.909e+08, 0, 143.041, 0, 30.835, 0, 0.231334, 0.0075332, 652.143, 140.946, 0.225, 4.40156, 27777.8, 209.256, 213.657
3528, 1.27008e+07, 211680, 3528, 147, 4.9, 0.40274, 2152.19, 10211, 2316.02, 10645.1, 4.63205, 21.2902, 0.0339224, inf, 638.707, 5.20612e+06, 638.707, 5.20548e+06, 6.909e+08, 0, 144.083, 0, 30.8609, 0, 0.231592, 0.00753527, 652.147, 140.79, 0.225, 4.40645, 27777.8, 209.313, 213.72
3552, 1.27872e+07, 213120, 3552, 148, 4.93333, 0.405479, 2153.39, 10283.3, 2318.6, 10723.7, 4.6372, 21.4473, 0.0339224, inf, 643.419, 5.20755e+06, 643.419, 5.2069e+06, 6.909e+08, 0, 145.125, 0, 30.8867, 0, 0.231849, 0.00753734, 652.152, 140.635, 0.225, 4.41136, 27777.8, 209.371, 213.782
3576, 1.28736e+07, 214560, 3576, 149, 4.96667, 0.408219, 2154.59, 10355.7, 2321.18, 10802.3, 4.64236, 21.6046, 0.0339224, inf, 648.137, 5.20898e+06, 648.137, 5.20833e+06, 6.909e+08, 0, 146.168, 0, 30.9126, 0, 0.232107, 0.00753941, 652.157, 140.48, 0.225, 4.41626, 27777.8, 209.428, 213.844
3600, 1.296e+07, 216000, 3600, 150, 5, 0.410959, 2155.79, 10428.2, 2323.76, 10881, 4.64752, 21.762, 0.0339224, inf, 652.86, 5.21041e+06, 652.86, 5.20976e+06, 6.909e+08, 0, 147.212, 0, 30.9385, 0, 0.232365, 0.00754149, 652.162, 140.325, 0.225, 4.42118, 27777.8, 209.486, 213.907
3624, 1.30464e+07, 217440, 3624, 151, 5.03333, 0.413699, 2156.99, 10500.7, 2326.35, 10959.8, 4.65269, 21.9196, 0.0339224, inf, 657.588, 5.21184e+06, 657.588, 5.21119e+06, 6.909e+08, 0, 148.257, 0, 30.9644, 0, 0.232624, 0.00754356, 657.53, 141.322, 0.225, 4.4261, 27777.8, 209.543, 213.969
3648, 1.31328e+07, 218880, 3648, 152, 5.06667, 0.416438, 2158.19, 10573.2, 2328.94, 11038.7, 4.65787, 22.0774, 0.0339224, inf, 662.321, 5.21328e+06, 662.321, 5.21261e+06, 6.909e+08, 0, 149.302, 0, 30.9903, 0, 0.232883, 0.00754563, 657.535, 141.166, 0.225, 4.43102, 27777.8, 209.601, 214.032
3672, 1.32192e+07, 220320, 3672, 153, 5.1, 0.419178, 2159.39, 10645.7, 2331.53, 11117.7, 4.66305, 22.2353, 0.0339224, inf, 667.06, 5.21471e+06, 667.06, 5.21404e+06, 6.909e+08, 0, 150.349, 0, 31.0163, 0, 0.233142, 0.00754771, 657.54, 141.011, 0.225, 4.43595, 27777.8, 209.659, 214.094
3696, 1.33056e+07, 221760, 3696, 154, 5.13333, 0.421918, 2160.59, 10718.3, 2334.12, 11196.7, 4.66824, 22.3935, 0.0339224, inf, 671.804, 5.21614e+06, 671.804, 5.21547e+06, 6.909e+08, 0, 151.396, 0, 31.0422, 0, 0.233401, 0.00754978, 657.545, 140.855, 0.225, 4.44089, 27777.8, 209.716, 214.157
3720, 1.3392e+07, 223200, 3720, 155, 5.16667, 0.424658, 2161.79, 10791, 2336.72, 11275.9, 4.67344, 22.5518, 0.0339224, inf, 676.553, 5.21758e+06, 676.553, 5.2169e+06, 6.909e+08, 0, 152.444, 0, 31.0682, 0, 0.233661, 0.00755186, 657.55, 140.699, 0.225, 4.44583, 27777.8, 209.774, 214.22
3744, 1.34784e+07, 224640, 3744, 156, 5.2, 0.427397, 2162.99, 10863.7, 2339.32, 11355.1, 4.67864, 22.7102, 0.0339224, inf, 681.307, 5.21901e+06, 681.307, 5.21833e+06, 6.909e+08, 0, 153.493, 0, 31.0943, 0, 0.233921, 0.00755393, 657.555, 140.544, 0.225, 4.45077, 27777.8, 209.831, 214.282
3768, 1.35648e+07, 226080, 3768, 157, 5.23333, 0.430137, 2164.19, 10936.4, 2341.92, 11434.5, 4.68384, 22.8689, 0.0339224, inf, 686.067, 5.22045e+06, 686.067, 5.21976e+06, 6.909e+08, 0, 154.544, 0, 31.1203, 0, 0.234181, 0.00755601, 657.559, 140.389, 0.225, 4.45573, 27777.8, 209.889, 214.345
3792, 1.36512e+07, 227520, 3792, 158, 5.26667, 0.432877, 2165.4, 11009.2, 2344.53, 11513.9, 4.68905, 23.0277, 0.0339224, inf, 690.832, 5.22188e+06, 690.832, 5.22119e+06, 6.909e+08, 0, 155.594, 0, 31.1464, 0, 0.234442, 0.00755809, 657.564, 140.234, 0.225, 4.46068, 27777.8, 209.947, 214.408
3816, 1.37376e+07, 228960, 3816, 159, 5.3, 0.435616, 2166.6, 11082, 2347.13, 11593.4, 4.69427, 23.1867, 0.0339224, inf, 695.602, 5.22332e+06, 695.602, 5.22262e+06, 6.909e+08, 0, 156.646, 0, 31.1724, 0, 0.234703, 0.00756016, 657.569, 140.079, 0.225, 4.46565, 27777.8, 210.005, 214.47
3840, 1.3824e+07, 230400, 3840, 160, 5.33333, 0.438356, 2167.81, 11154.8, 2349.75, 11673, 4.69949, 23.3459, 0.0339224, inf, 700.378, 5.22475e+06, 700.378, 5.22405e+06, 6.909e+08, 0, 157.699, 0, 31.1986, 0, 0.234964, 0.00756224, 657.574, 139.925, 0.225, 4.47062, 27777.8, 210.062, 214.533
3864, 1.39104e+07, 231840, 3864, 161, 5.36667, 0.441096, 2169.01, 11227.7, 2352.36, 11752.7, 4.70472, 23.5053, 0.0339224, inf, 705.159, 5.22619e+06, 705.159, 5.22548e+06, 6.909e+08, 0, 158.752, 0, 31.2247, 0, 0.235225, 0.00756432, 657.579, 139.77, 0.225, 4.47559, 27777.8, 210.12, 214.596
3888, 1.39968e+07, 233280, 3888, 162, 5.4, 0.443836, 2170.22, 11300.6, 2354.98, 11832.4, 4.70996, 23.6648, 0.0339224, inf, 709.945, 5.22762e+06, 709.945, 5.22691e+06, 6.909e+08, 0, 159.807, 0, 31.2508, 0, 0.235487, 0.0075664, 657.584, 139.616, 0.225, 4.48057, 27777.8, 210.178, 214.658
3912, 1.40832e+07, 234720, 3912, 163, 5.43333, 0.446575, 2171.43, 11373.6, 2357.6, 11912.3, 4.7152, 23.8246, 0.0339224, inf, 714.737, 5.22906e+06, 714.737, 5.22835e+06, 6.909e+08, 0, 160.862, 0, 31.277, 0, 0.235749, 0.00756848, 657.589, 139.462, 0.225, 4.48555, 27777.8, 210.236, 214.721
3936, 1.41696e+07, 236160, 3936, 164, 5.46667, 0.449315, 2172.63, 11446.6, 2360.22, 11992.2, 4.72044, 23.9845, 0.0339224, inf, 719.534, 5.2305e+06, 719.534, 5.22978e+06, 6.909e+08, 0, 161.918, 0, 31.3032, 0, 0.236011, 0.00757056, 657.594, 139.308, 0.225, 4.49055, 27777.8, 210.293, 214.784
3960, 1.4256e+07, 237600, 3960, 165, 5.5, 0.452055, 2173.84, 11519.6, 2362.85, 12072.3, 4.72569, 24.1445, 0.0339224, inf, 724.336, 5.23194e+06, 724.336, 5.23121e+06, 6.909e+08, 0, 162.975, 0, 31.3294, 0, 0.236274, 0.00757264, 657.599, 139.154, 0.225, 4.49554, 27777.8, 210.351, 214.847
3984, 1.43424e+07, 239040, 3984, 166, 5.53333, 0.454795, 2175.05, 11592.7, 2365.48, 12152.4, 4.73095, 24.3048, 0.0339224, inf, 729.144, 5.23338e+06, 729.144, 5.23265e+06, 6.909e+08, 0, 164.033, 0, 31.3557, 0, 0.236537, 0.00757472, 657.604, 139, 0.225, 4.50054, 27777.8, 210.409, 214.91
4008, 1.44288e+07, 240480, 4008, 167, 5.56667, 0.457534, 2176.26, 11665.8, 2368.11, 12232.6, 4.73622, 24.4652, 0.0339224, inf, 733.957, 5.23481e+06, 733.957, 5.23408e+06, 6.909e+08, 0, 165.092, 0, 31.3819, 0, 0.2368, 0.00757681, 657.609, 138.847, 0.225, 4.50555, 27777.8, 210.467, 214.972
4032, 1.45152e+07, 241920, 4032, 168, 5.6, 0.460274, 2177.47, 11739, 2370.74, 12312.9, 4.74149, 24.6258, 0.0339224, inf, 738.775, 5.23625e+06, 738.775, 5.23551e+06, 6.909e+08, 0, 166.152, 0, 31.4082, 0, 0.237063, 0.00757889, 657.614, 138.694, 0.225, 4.51056, 27777.8, 210.525, 215.035
4056, 1.46016e+07, 243360, 4056, 169, 5.63333, 0.463014, 2178.68, 11812.2, 2373.38, 12393.3, 4.74676, 24.7866, 0.0339224, inf, 743.599, 5.23769e+06, 743.599, 5.23695e+06, 6.909e+08, 0, 167.213, 0, 31.4345, 0, 0.237327, 0.00758097, 657.619, 138.541, 0.225, 4.51558, 27777.8, 210.583, 215.098
4080, 1.4688e+07, 244800, 4080, 170, 5.66667, 0.465753, 2179.89, 11885.5, 2376.02, 12473.8, 4.75204, 24.9476, 0.0339224, inf, 748.428, 5.23913e+06, 748.428, 5.23838e+06, 6.909e+08, 0, 168.274, 0, 31.4608, 0, 0.237591, 0.00758306, 657.624, 138.388, 0.225, 4.52061, 27777.8, 210.64, 215.161
4104, 1.47744e+07, 246240, 4104, 171, 5.7, 0.468493, 2181.11, 11958.8, 2378.67, 12554.4, 4.75733, 25.1087, 0.0339224, inf, 753.262, 5.24057e+06, 753.262, 5.23982e+06, 6.909e+08, 0, 169.336, 0, 31.4872, 0, 0.237855, 0.00758514, 657.629, 138.235, 0.225, 4.52564, 27777.8, 210.698, 215.224
4128, 1.48608e+07, 247680, 4128, 172, 5.73333, 0.471233, 2182.32, 12032.1, 2381.31, 12635, 4.76262, 25.2701, 0.0339224, inf, 758.102, 5.24201e+06, 758.102, 5.24125e+06, 6.909e+08, 0, 170.4, 0, 31.5136, 0, 0.23812, 0.00758723, 657.634, 138.082, 0.225, 4.53067, 27777.8, 210.756, 215.287
4152, 1.49472e+07, 249120, 4152, 173, 5.76667, 0.473973, 2183.53, 12105.5, 2383.96, 12715.8, 4.76792, 25.4316, 0.0339224, inf, 762.947, 5.24345e+06, 762.947, 5.24269e+06, 6.909e+08, 0, 171.464, 0, 31.5399, 0, 0.238385, 0.00758931, 657.639, 137.93, 0.225, 4.53571, 27777.8, 210.814, 215.35
4176, 1.50336e+07, 250560, 4176, 174, 5.8, 0.476712, 2184.75, 12178.9, 2386.61, 12796.6, 4.77323, 25.5933, 0.0339224, inf, 767.798, 5.2449e+06, 767.798, 5.24413e+06, 6.909e+08, 0, 172.529, 0, 31.5664, 0, 0.23865, 0.0075914, 657.644, 137.778, 0.225, 4.54076, 27777.8, 210.872, 215.413
4200, 1.512e+07, 252000, 4200, 175, 5.83333, 0.479452, 2185.96, 12252.3, 2389.27, 12877.6, 4.77854, 25.7551, 0.0339224, inf, 772.654, 5.24634e+06, 772.654, 5.24556e+06, 6.909e+08, 0, 173.595, 0, 31.5928, 0, 0.238916, 0.00759348, 657.649, 137.626, 0.225, 4.54581, 27777.8, 210.93, 215.476
4224, 1.52064e+07, 253440, 4224, 176, 5.86667, 0.482192, 2187.18, 12325.8, 2391.93, 12958.6, 4.78385, 25.9172, 0.0339224, inf, 777.515, 5.24778e+06, 777.515, 5.247e+06, 6.909e+08, 0, 174.662, 0, 31.6193, 0, 0.239182, 0.00759557, 657.654, 137.474, 0.225, 4.55087, 27777.8, 210.988, 215.539
4248, 1.52928e+07, 254880, 4248, 177, 5.9, 0.484932, 2188.39, 12399.4, 2394.59, 13039.7, 4.78918, 26.0794, 0.0339224, inf, 782.382, 5.24922e+06, 782.382, 5.24844e+06, 6.909e+08, 0, 175.73, 0, 31.6457, 0, 0.239448, 0.00759766, 657.66, 137.322, 0.225, 4.55593, 27777.8, 211.046, 215.602
4272, 1.53792e+07, 256320, 4272, 178, 5.93333, 0.487671, 2189.61, 12472.9, 2397.25, 13120.9, 4.79451, 26.2418, 0.0339224, inf, 787.254, 5.25066e+06, 787.254, 5.24988e+06, 6.909e+08, 0, 176.798, 0, 31.6722, 0, 0.239714, 0.00759975, 657.665, 137.17, 0.225, 4.561, 27777.8, 211.104, 215.665
4296, 1.54656e+07, 257760, 4296, 179, 5.96667, 0.490411, 2190.83, 12546.6, 2399.92, 13202.2, 4.79984, 26.4044, 0.0339224, inf, 792.132, 5.25211e+06, 792.132, 5.25132e+06, 6.909e+08, 0, 177.868, 0, 31.6988, 0, 0.239981, 0.00760184, 657.67, 137.019, 0.225, 4.56608, 27777.8, 211.162, 215.728
4320, 1.5552e+07, 259200, 4320, 180, 6, 0.493151, 2192.05, 12620.2, 2402.59, 13283.6, 4.80518, 26.5672, 0.0339224, inf, 797.015, 5.25355e+06, 797.015, 5.25275e+06, 6.909e+08, 0, 178.938, 0, 31.7253, 0, 0.240248, 0.00760393, 657.675, 136.868, 0.225, 4.57116, 27777.8, 211.22, 215.791
4344, 1.56384e+07, 260640, 4344, 181, 6.03333, 0.49589, 2193.27, 12693.9, 2405.26, 13365.1, 4.81053, 26.7301, 0.0339224, inf, 801.904, 5.255e+06, 801.904, 5.25419e+06, 6.909e+08, 0, 180.01, 0, 31.7519, 0, 0.240515, 0.00760602, 663.087, 137.841, 0.225, 4.57624, 27777.8, 211.278, 215.855
4368, 1.57248e+07, 262080, 4368, 182, 6.06667, 0.49863, 2194.49, 12767.7, 2407.94, 13446.6, 4.81588, 26.8933, 0.0339224, inf, 806.798, 5.25644e+06, 806.798, 5.25563e+06, 6.909e+08, 0, 181.082, 0, 31.7785, 0, 0.240783, 0.00760811, 663.092, 137.689, 0.225, 4.58133, 27777.8, 211.336, 215.918
4392, 1.58112e+07, 263520, 4392, 183, 6.1, 0.50137, 2195.71, 12841.4, 2410.62, 13528.3, 4.82124, 27.0566, 0.0339224, inf, 811.697, 5.25789e+06, 811.697, 5.25707e+06, 6.909e+08, 0, 182.155, 0, 31.8051, 0, 0.241051, 0.0076102, 663.098, 137.537, 0.225, 4.58643, 27777.8, 211.394, 215.981
4416, 1.58976e+07, 264960, 4416, 184, 6.13333, 0.50411, 2196.93, 12915.3, 2413.3, 13610, 4.8266, 27.2201, 0.0339224, inf, 816.602, 5.25933e+06, 816.602, 5.25851e+06, 6.90918e+08, 18490.1, 183.229, 18490.1, 31.8318, 140.746, 0.241319, 0.00761209, 803.815, 166.539, 0.225, 4.59153, 46267.8, 352.195, 356.786
4440, 1.5984e+07, 266400, 4440, 185, 6.16667, 0.506849, 2198.15, 12989.1, 2415.99, 13691.9, 4.83197, 27.3837, 0.0339224, inf, 821.512, 5.26078e+06, 821.512, 5.25996e+06, 6.90952e+08, 52613, 184.304, 52613, 31.8585, 400.581, 0.241587, 0.0076138, 1063.56, 220.109, 0.225, 4.59664, 80390.8, 612.08, 616.677
4464, 1.60704e+07, 267840, 4464, 186, 6.2, 0.509589, 2199.37, 13063, 2418.67, 13773.8, 4.83735, 27.5476, 0.0339224, inf, 826.428, 5.26222e+06, 826.428, 5.2614e+06, 6.90987e+08, 86719.8, 185.38, 86719.8, 31.8853, 660.409, 0.241856, 0.00761552, 1323.24, 273.547, 0.225, 4.60176, 114498, 871.959, 876.561
4488, 1.61568e+07, 269280, 4488, 187, 6.23333, 0.512329, 2200.59, 13137, 2421.37, 13855.8, 4.84273, 27.7116, 0.0339224, inf, 831.349, 5.26367e+06, 831.349, 5.26284e+06, 6.91021e+08, 120810, 186.457, 120810, 31.9122, 920.232, 0.242125, 0.00761724, 1582.86, 326.852, 0.225, 4.60688, 148588, 1131.83, 1136.44
4512, 1.62432e+07, 270720, 4512, 188, 6.26667, 0.515068, 2201.82, 13211, 2424.06, 13937.9, 4.84812, 27.8759, 0.0339224, inf, 836.276, 5.26512e+06, 836.276, 5.26428e+06, 6.91055e+08, 154885, 187.535, 154885, 31.9392, 1180.05, 0.242395, 0.00761896, 1842.41, 380.026, 0.225, 4.612, 182663, 1391.7, 1396.31
4536, 1.63296e+07, 272160, 4536, 189, 6.3, 0.517808, 2203.04, 13285, 2426.76, 14020.1, 4.85351, 28.0403, 0.0339224, inf, 841.208, 5.26656e+06, 841.208, 5.26572e+06, 6.91089e+08, 188943, 188.614, 188943, 31.9662, 1439.86, 0.242664, 0.00762068, 2101.9, 433.067, 0.225, 4.61713, 216721, 1651.56, 1656.18
4560, 1.6416e+07, 273600, 4560, 190, 6.33333, 0.520548, 2204.27, 13359.1, 2429.46, 14102.4, 4.85891, 28.2049, 0.0339224, inf, 846.146, 5.26801e+06, 846.146, 5.26717e+06, 6.91123e+08, 222985, 189.693, 222985, 31.9933, 1699.66, 0.242934, 0.0076224, 2361.32, 485.976, 0.225, 4.62227, 250763, 1911.41, 1916.04
4584, 1.65024e+07, 275040, 4584, 191, 6.36667, 0.523288, 2205.49, 13433.2, 2432.16, 14184.8, 4.86432, 28.3696, 0.0339224, inf, 851.089, 5.26946e+06, 851.089, 5.26861e+06, 6.91157e+08, 257011, 190.774, 257011, 32.0205, 1959.46, 0.243205, 0.00762412, 2620.67, 538.755, 0.225, 4.62741, 284789, 2171.26, 2175.89
4608, 1.65888e+07, 276480, 4608, 192, 6.4, 0.526027, 2206.72, 13507.3, 2434.87, 14267.3, 4.86973, 28.5346, 0.0339224, inf, 856.037, 5.27091e+06, 856.037, 5.27005e+06, 6.91191e+08, 291021, 191.856, 291021, 32.0478, 2219.25, 0.243475, 0.00762584, 2879.97, 591.402, 0.225, 4.63256, 318799, 2431.11, 2435.74
4632, 1.66752e+07, 277920, 4632, 193, 6.43333, 0.528767, 2207.95, 13581.5, 2437.57, 14349.9, 4.87515, 28.6997, 0.0339224, inf, 860.991, 5.27236e+06, 860.991, 5.2715e+06, 6.91225e+08, 325015, 192.938, 325015, 32.0751, 2479.04, 0.243746, 0.00762756, 3139.2, 643.918, 0.225, 4.63772, 352792, 2690.94, 2695.58
4656, 1.67616e+07, 279360, 4656, 194, 6.46667, 0.531507, 2209.18, 13655.8, 2440.29, 14432.5, 4.88057, 28.865, 0.0339224, inf, 865.951, 5.27381e+06, 865.951, 5.27294e+06, 6.91259e+08, 358992, 194.022, 358992, 32.1025, 2738.82, 0.244017, 0.00762928, 3398.36, 696.303, 0.225, 4.64288, 386770, 2950.78, 2955.42
4680, 1.6848e+07, 280800, 4680, 195, 6.5, 0.534247, 2210.41, 13730, 2443, 14515.3, 4.886, 29.0305, 0.0339224, inf, 870.916, 5.27526e+06, 870.916, 5.27439e+06, 6.91293e+08, 392953, 195.107, 392953, 32.13, 2998.59, 0.244289, 0.007631, 3657.46, 748.558, 0.225, 4.64804, 420731, 3210.6, 3215.25
4704, 1.69344e+07, 282240, 4704, 196, 6.53333, 0.536986, 2211.63, 13804.4, 2445.72, 14598.1, 4.89144, 29.1962, 0.0339224, inf, 875.887, 5.27671e+06, 875.887, 5.27583e+06, 6.91327e+08, 426899, 196.192, 426899, 32.1576, 3258.36, 0.244561, 0.00763273, 3916.49, 800.683, 0.225, 4.65321, 454676, 3470.42, 3475.07
4728, 1.70208e+07, 283680, 4728, 197, 6.56667, 0.539726, 2212.86, 13878.7, 2448.44, 14681.1, 4.89688, 29.3621, 0.0339224, inf, 880.863, 5.27816e+06, 880.863, 5.27728e+06, 6.91361e+08, 460828, 197.279, 460828, 32.1852, 3518.13, 0.244833, 0.00763445, 4175.46, 852.678, 0.225, 4.65839, 488606, 3730.23, 3734.89
4752, 1.71072e+07, 285120, 4752, 198, 6.6, 0.542466, 2214.1, 13953.1, 2451.17, 14764.1, 4.90233, 29.5282, 0.0339224, inf, 885.845, 5.27961e+06, 885.845, 5.27872e+06, 6.91395e+08, 494741, 198.366, 494741, 32.213, 3777.88, 0.245105, 0.00763617, 4434.37, 904.543, 0.225, 4.66358, 522519, 3990.04, 3994.71
4776, 1.71936e+07, 286560, 4776, 199, 6.63333, 0.545205, 2215.33, 14027.6, 2453.89, 14847.2, 4.90779, 29.6944, 0.0339224, inf, 890.832, 5.28106e+06, 890.832, 5.28017e+06, 6.91428e+08, 528638, 199.454, 528638, 32.2408, 4037.64, 0.245378, 0.0076379, 4693.21, 956.279, 0.225, 4.66876, 556416, 4249.85, 4254.51
4800, 1.728e+07, 288000, 4800, 200, 6.66667, 0.547945, 2216.56, 14102, 2456.62, 14930.4, 4.91325, 29.8608, 0.0339224, inf, 895.825, 5.28251e+06, 895.825, 5.28162e+06, 6.91462e+08, 562519, 200.544, 562519, 32.2686, 4297.38, 0.245651, 0.00763962, 4951.99, 1007.89, 0.225, 4.67396, 590296, 4509.64, 4514.32
4824, 1.73664e+07, 289440, 4824, 201, 6.7, 0.550685, 2217.79, 14176.6, 2459.36, 15013.7, 4.91871, 30.0275, 0.0339224, inf, 900.824, 5.28396e+06, 900.824, 5.28306e+06, 6.91496e+08, 596383, 201.634, 596383, 32.2966, 4557.12, 0.245924, 0.00764135, 5210.7, 1059.36, 0.225, 4.67916, 624161, 4769.43, 4774.11
4848, 1.74528e+07, 290880, 4848, 202, 6.73333, 0.553425, 2219.02, 14251.1, 2462.09, 15097.1, 4.92418, 30.1943, 0.0339224, inf, 905.828, 5.28542e+06, 905.828, 5.28451e+06, 6.9153e+08, 630232, 202.726, 630232, 32.3246, 4816.86, 0.246198, 0.00764308, 5469.35, 1110.71, 0.225, 4.68436, 658010, 5029.22, 5033.9
4872, 1.75392e+07, 292320, 4872, 203, 6.76667, 0.556164, 2220.26, 14325.7, 2464.83, 15180.6, 4.92966, 30.3612, 0.0339224, inf, 910.837, 5.28687e+06, 910.837, 5.28596e+06, 6.91564e+08, 664065, 203.818, 664065, 32.3527, 5076.59, 0.246472, 0.0076448, 5727.93, 1161.93, 0.225, 4.68958, 691843, 5289, 5293.69
4896, 1.76256e+07, 293760, 4896, 204, 6.8, 0.558904, 2221.49, 14400.4, 2467.57, 15264.2, 4.93515, 30.5284, 0.0339224, inf, 915.852, 5.28832e+06, 915.852, 5.28741e+06, 6.91598e+08, 697881, 204.911, 697881, 32.3809, 5336.31, 0.246746, 0.00764653, 5986.45, 1213.02, 0.225, 4.69479, 725659, 5548.78, 5553.47
4920, 1.7712e+07, 295200, 4920, 205, 6.83333, 0.561644, 2222.73, 14475.1, 2470.32, 15347.9, 4.94064, 30.6958, 0.0339224, inf, 920.873, 5.28978e+06, 920.873, 5.28886e+06, 6.91631e+08, 731682, 206.005, 731682, 32.4092, 5596.03, 0.247021, 0.00764826, 6244.91, 1263.99, 0.225, 4.70002, 759460, 5808.54, 5813.24
4944, 1.77984e+07, 296640, 4944, 206, 6.86667, 0.564384, 2223.97, 14549.8, 2473.07, 15431.7, 4.94614, 30.8633, 0.0339224, inf, 925.899, 5.29123e+06, 925.899, 5.29031e+06, 6.91665e+08, 765466, 207.101, 765466, 32.4375, 5855.74, 0.247295, 0.00764999, 6503.3, 1314.82, 0.225, 4.70525, 793244, 6068.31, 6073.01
4968, 1.78848e+07, 298080, 4968, 207, 6.9, 0.567123, 2225.2, 14624.6, 2475.82, 15515.5, 4.95164, 31.031, 0.0339224, inf, 930.931, 5.29269e+06, 930.931, 5.29175e+06, 6.91699e+08, 799235, 208.197, 799235, 32.4659, 6115.45, 0.247571, 0.00765172, 6761.63, 1365.53, 0.225, 4.71048, 827013, 6328.07, 6332.78
4992, 1.79712e+07, 299520, 4992, 208, 6.93333, 0.569863, 2226.44, 14699.4, 2478.57, 15599.5, 4.95715, 31.199, 0.0339224, inf, 935.969, 5.29414e+06, 935.969, 5.2932e+06, 6.91733e+08, 832987, 209.294, 832987, 32.4944, 6375.15, 0.247846, 0.00765345, 7019.89, 1416.11, 0.225, 4.71572, 860765, 6587.82, 6592.54
5016, 1.80576e+07, 300960, 5016, 209, 6.96667, 0.572603, 2227.68, 14774.2, 2481.33, 15683.5, 4.96266, 31.3671, 0.0339224, inf, 941.012, 5.2956e+06, 941.012, 5.29466e+06, 6.91767e+08, 866724, 210.392, 866724, 32.523, 6634.85, 0.248122, 0.00765518, 7278.09, 1466.57, 0.225, 4.72097, 894501, 6847.57, 6852.29
5040, 1.8144e+07, 302400, 5040, 210, 7, 0.575342, 2228.92, 14849.1, 2484.09, 15767.7, 4.96819, 31.5354, 0.0339224, inf, 946.061, 5.29705e+06, 946.061, 5.29611e+06, 6.918e+08, 900444, 211.491, 900444, 32.5517, 6894.54, 0.248398, 0.00765691, 7536.22, 1516.9, 0.225, 4.72622, 928222, 7107.31, 7112.04
5064, 1.82304e+07, 303840, 5064, 211, 7.03333, 0.578082, 2230.16, 14924.1, 2486.86, 15851.9, 4.97371, 31.7038, 0.0339224, inf, 951.115, 5.29851e+06, 951.115, 5.29756e+06, 6.91834e+08, 934148, 212.591, 934148, 32.5804, 7154.23, 0.248674, 0.00765864, 7798.85, 1568.01, 0.225, 4.73148, 961926, 7367.05, 7371.78
5088, 1.83168e+07, 305280, 5088, 212, 7.06667, 0.580822, 2231.4, 14999.1, 2489.62, 15936.2, 4.97925, 31.8725, 0.0339224, inf, 956.175, 5.29996e+06, 956.175, 5.29901e+06, 6.91868e+08, 967837, 213.692, 967837, 32.6092, 7413.91, 0.248951, 0.00766037, 8056.85, 1618.09, 0.225, 4.73675, 995615, 7626.78, 7631.52
5112, 1.84032e+07, 306720, 5112, 213, 7.1, 0.583562, 2232.64, 15074.1, 2492.39, 16020.7, 4.98479, 32.0414, 0.0339224, inf, 961.241, 5.30142e+06, 961.241, 5.30046e+06, 6.91901e+08, 1.00151e+06, 214.794, 1.00151e+06, 32.6381, 7673.58, 0.249228, 0.00766211, 8314.79, 1668.03, 0.225, 4.74202, 1.02929e+06, 7886.51, 7891.25
5136, 1.84896e+07, 308160, 5136, 214, 7.13333, 0.586301, 2233.88, 15149.2, 2495.17, 16105.2, 4.99033, 32.2104, 0.0339224, inf, 966.312, 5.30288e+06, 966.312, 5.30191e+06, 6.91935e+08, 1.03517e+06, 215.897, 1.01668e+06, 32.667, 7792.51, 0.249505, 0.00766384, 8431.96, 1689.66, 0.225, 4.74729, 1.04445e+06, 8004.52, 8009.27
5160, 1.8576e+07, 309600, 5160, 215, 7.16667, 0.589041, 2235.12, 15224.3, 2497.94, 16189.8, 4.99589, 32.3796, 0.0339224, inf, 971.389, 5.30434e+06, 971.389, 5.30337e+06, 6.91969e+08, 1.06881e+06, 217.001, 1.01619e+06, 32.696, 7792.34, 0.249783, 0.00766558, 8430.03, 1687.39, 0.225, 4.75257, 1.04397e+06, 8002.64, 8007.39
5184, 1.86624e+07, 311040, 5184, 216, 7.2, 0.591781, 2236.37, 15299.4, 2500.72, 16274.5, 5.00144, 32.549, 0.0339224, inf, 976.471, 5.3058e+06, 976.471, 5.30482e+06, 6.92002e+08, 1.10243e+06, 218.106, 1.01571e+06, 32.7249, 7792.17, 0.250061, 0.00766731, 8428.11, 1685.13, 0.225, 4.75786, 1.04349e+06, 8000.75, 8005.51
5208, 1.87488e+07, 312480, 5208, 217, 7.23333, 0.594521, 2237.61, 15374.6, 2503.5, 16359.3, 5.00701, 32.7186, 0.0339224, inf, 981.559, 5.30725e+06, 981.559, 5.30627e+06, 6.92036e+08, 1.13604e+06, 219.212, 1.01523e+06, 32.7539, 7792, 0.250339, 0.00766905, 8426.18, 1682.88, 0.225, 4.76316, 1.04301e+06, 7998.86, 8003.63
5232, 1.88352e+07, 313920, 5232, 218, 7.26667, 0.59726, 2238.85, 15449.8, 2506.29, 16444.2, 5.01258, 32.8884, 0.0339224, inf, 986.653, 5.30871e+06, 986.653, 5.30773e+06, 6.92069e+08, 1.16963e+06, 220.319, 1.01475e+06, 32.783, 7791.84, 0.250617, 0.00767078, 8424.26, 1680.62, 0.225, 4.76846, 1.04252e+06, 7996.98, 8001.75
5256, 1.89216e+07, 315360, 5256, 219, 7.3, 0.6, 2240.1, 15525.1, 2509.08, 16529.2, 5.01816, 33.0584, 0.0339224, inf, 991.753, 5.31017e+06, 991.753, 5.30918e+06, 6.92103e+08, 1.20321e+06, 221.427, 1.01426e+06, 32.812, 7791.67, 0.250896, 0.00767252, 8422.33, 1678.37, 0.225, 4.77376, 1.04204e+06, 7995.09, 7999.87
5280, 1.9008e+07, 316800, 5280, 220, 7.33333, 0.60274, 2241.34, 15600.4, 2511.87, 16614.3, 5.02374, 33.2286, 0.0339224, inf, 996.858, 5.31163e+06, 996.858, 5.31064e+06, 6.92137e+08, 1.23677e+06, 222.536, 1.01378e+06, 32.8411, 7791.51, 0.251175, 0.00767426, 8420.41, 1676.12, 0.225, 4.77907, 1.04156e+06, 7993.21, 7997.99
5304, 1.90944e+07, 318240, 5304, 221, 7.36667, 0.605479, 2242.59, 15675.8, 2514.67, 16699.5, 5.02933, 33.399, 0.0339224, inf, 1001.97, 5.31309e+06, 1001.97, 5.31209e+06, 6.9217e+08, 1.27031e+06, 223.645, 1.0133e+06, 32.8702, 7791.35, 0.251455, 0.00767599, 8418.49, 1673.88, 0.225, 4.78439, 1.04108e+06, 7991.32, 7996.11
5328, 1.91808e+07, 319680, 5328, 222, 7.4, 0.608219, 2243.84, 15751.2, 2517.46, 16784.8, 5.03493, 33.5695, 0.0339224, inf, 1007.09, 5.31455e+06, 1007.09, 5.31355e+06, 6.92204e+08, 1.30384e+06, 224.756, 1.01282e+06, 32.8994, 7791.18, 0.251735, 0.00767773, 8416.56, 1671.64, 0.225, 4.78971, 1.0406e+06, 7989.44, 7994.23
5352, 1.92672e+07, 321120, 5352, 223, 7.43333, 0.610959, 2245.09, 15826.6, 2520.26, 16870.1, 5.04053, 33.7402, 0.0339224, inf, 1012.21, 5.31601e+06, 1012.21, 5.315e+06, 6.92237e+08, 1.33736e+06, 225.868, 1.01234e+06, 32.9285, 7791.02, 0.252015, 0.00767947, 8414.64, 1669.4, 0.225, 4.79504, 1.04012e+06, 7987.56, 7992.35
5376, 1.93536e+07, 322560, 5376, 224, 7.46667, 0.613699, 2246.33, 15902.1, 2523.07, 16955.6, 5.04614, 33.9112, 0.0339224, inf, 1017.34, 5.31748e+06, 1017.34, 5.31646e+06, 6.92271e+08, 1.37085e+06, 226.981, 1.01186e+06, 32.9577, 7790.86, 0.252295, 0.00768121, 8412.72, 1667.16, 0.225, 4.80038, 1.03964e+06, 7985.68, 7990.48
5400, 1.944e+07, 324000, 5400, 225, 7.5, 0.616438, 2247.58, 15977.6, 2525.88, 17041.1, 5.05175, 34.0823, 0.0339224, inf, 1022.47, 5.31894e+06, 1022.47, 5.31792e+06, 6.92304e+08, 1.40433e+06, 228.095, 1.01138e+06, 32.9869, 7790.71, 0.252576, 0.00768295, 8410.8, 1664.93, 0.225, 4.80572, 1.03916e+06, 7983.8, 7988.6
5424, 1.95264e+07, 325440, 5424, 226, 7.53333, 0.619178, 2248.83, 16053.2, 2528.69, 17126.8, 5.05737, 34.2536, 0.0339224, inf, 1027.61, 5.3204e+06, 1027.61, 5.31937e+06, 6.92338e+08, 1.4378e+06, 229.209, 1.0109e+06, 33.0162, 7790.55, 0.252857, 0.00768469, 8408.88, 1662.7, 0.225, 4.81106, 1.03868e+06, 7981.92, 7986.73
5448, 1.96128e+07, 326880, 5448, 227, 7.56667, 0.621918, 2250.08, 16128.8, 2531.5, 17212.6, 5.063, 34.4251, 0.0339224, inf, 1032.75, 5.32186e+06, 1032.75, 5.32083e+06, 6.92371e+08, 1.47125e+06, 230.325, 1.01042e+06, 33.0454, 7790.39, 0.253138, 0.00768643, 8406.96, 1660.47, 0.225, 4.81642, 1.0382e+06, 7980.04, 7984.85
5472, 1.96992e+07, 328320, 5472, 228, 7.6, 0.624658, 2251.34, 16204.4, 2534.32, 17298.4, 5.06863, 34.5968, 0.0339224, inf, 1037.9, 5.32333e+06, 1037.9, 5.32229e+06, 6.92404e+08, 1.50468e+06, 231.442, 1.00994e+06, 33.0747, 7790.24, 0.25342, 0.00768817, 8405.05, 1658.25, 0.225, 4.82178, 1.03772e+06, 7978.16, 7982.98
5496, 1.97856e+07, 329760, 5496, 229, 7.63333, 0.627397, 2252.59, 16280.1, 2537.14, 17384.3, 5.07427, 34.7687, 0.0339224, inf, 1043.06, 5.32479e+06, 1043.06, 5.32375e+06, 6.92438e+08, 1.5381e+06, 232.56, 1.00946e+06, 33.104, 7790.08, 0.253702, 0.00768992, 8403.13, 1656.03, 0.225, 4.82714, 1.03724e+06, 7976.28, 7981.11
